Deploy & Test TF+Helm (templates/enterprise-gke)	UNKNOWN STEP	﻿2026-04-13T00:13:44.1523307Z Current runner version: '2.333.1'
Deploy & Test TF+Helm (templates/enterprise-gke)	UNKNOWN STEP	2026-04-13T00:13:44.1547107Z ##[group]Runner Image Provisioner
Deploy & Test TF+Helm (templates/enterprise-gke)	UNKNOWN STEP	2026-04-13T00:13:44.1547909Z Hosted Compute Agent
Deploy & Test TF+Helm (templates/enterprise-gke)	UNKNOWN STEP	2026-04-13T00:13:44.1548521Z Version: 20260213.493
Deploy & Test TF+Helm (templates/enterprise-gke)	UNKNOWN STEP	2026-04-13T00:13:44.1549174Z Commit: 5c115507f6dd24b8de37d8bbe0bb4509d0cc0fa3
Deploy & Test TF+Helm (templates/enterprise-gke)	UNKNOWN STEP	2026-04-13T00:13:44.1549842Z Build Date: 2026-02-13T00:28:41Z
Deploy & Test TF+Helm (templates/enterprise-gke)	UNKNOWN STEP	2026-04-13T00:13:44.1550585Z Worker ID: {4b877e11-1965-4286-bf10-38807dce6213}
Deploy & Test TF+Helm (templates/enterprise-gke)	UNKNOWN STEP	2026-04-13T00:13:44.1551265Z Azure Region: westcentralus
Deploy & Test TF+Helm (templates/enterprise-gke)	UNKNOWN STEP	2026-04-13T00:13:44.1551855Z ##[endgroup]
Deploy & Test TF+Helm (templates/enterprise-gke)	UNKNOWN STEP	2026-04-13T00:13:44.1552988Z ##[group]Operating System
Deploy & Test TF+Helm (templates/enterprise-gke)	UNKNOWN STEP	2026-04-13T00:13:44.1553868Z Ubuntu
Deploy & Test TF+Helm (templates/enterprise-gke)	UNKNOWN STEP	2026-04-13T00:13:44.1554350Z 24.04.4
Deploy & Test TF+Helm (templates/enterprise-gke)	UNKNOWN STEP	2026-04-13T00:13:44.1554764Z LTS
Deploy & Test TF+Helm (templates/enterprise-gke)	UNKNOWN STEP	2026-04-13T00:13:44.1555356Z ##[endgroup]
Deploy & Test TF+Helm (templates/enterprise-gke)	UNKNOWN STEP	2026-04-13T00:13:44.1555828Z ##[group]Runner Image
Deploy & Test TF+Helm (templates/enterprise-gke)	UNKNOWN STEP	2026-04-13T00:13:44.1556373Z Image: ubuntu-24.04
Deploy & Test TF+Helm (templates/enterprise-gke)	UNKNOWN STEP	2026-04-13T00:13:44.1556916Z Version: 20260406.80.1
Deploy & Test TF+Helm (templates/enterprise-gke)	UNKNOWN STEP	2026-04-13T00:13:44.1558121Z Included Software: https://github.com/actions/runner-images/blob/ubuntu24/20260406.80/images/ubuntu/Ubuntu2404-Readme.md
Deploy & Test TF+Helm (templates/enterprise-gke)	UNKNOWN STEP	2026-04-13T00:13:44.1559610Z Image Release: https://github.com/actions/runner-images/releases/tag/ubuntu24%2F20260406.80
Deploy & Test TF+Helm (templates/enterprise-gke)	UNKNOWN STEP	2026-04-13T00:13:44.1560517Z ##[endgroup]
Deploy & Test TF+Helm (templates/enterprise-gke)	UNKNOWN STEP	2026-04-13T00:13:44.1561604Z ##[group]GITHUB_TOKEN Permissions
Deploy & Test TF+Helm (templates/enterprise-gke)	UNKNOWN STEP	2026-04-13T00:13:44.1563420Z Contents: write
Deploy & Test TF+Helm (templates/enterprise-gke)	UNKNOWN STEP	2026-04-13T00:13:44.1564403Z Metadata: read
Deploy & Test TF+Helm (templates/enterprise-gke)	UNKNOWN STEP	2026-04-13T00:13:44.1564963Z PullRequests: write
Deploy & Test TF+Helm (templates/enterprise-gke)	UNKNOWN STEP	2026-04-13T00:13:44.1565512Z ##[endgroup]
Deploy & Test TF+Helm (templates/enterprise-gke)	UNKNOWN STEP	2026-04-13T00:13:44.1567680Z Secret source: Actions
Deploy & Test TF+Helm (templates/enterprise-gke)	UNKNOWN STEP	2026-04-13T00:13:44.1568413Z Prepare workflow directory
Deploy & Test TF+Helm (templates/enterprise-gke)	UNKNOWN STEP	2026-04-13T00:13:44.1965073Z Prepare all required actions
Deploy & Test TF+Helm (templates/enterprise-gke)	UNKNOWN STEP	2026-04-13T00:13:44.2003319Z Getting action download info
Deploy & Test TF+Helm (templates/enterprise-gke)	UNKNOWN STEP	2026-04-13T00:13:44.6832580Z Download action repository 'actions/checkout@v4' (SHA:34e114876b0b11c390a56381ad16ebd13914f8d5)
Deploy & Test TF+Helm (templates/enterprise-gke)	UNKNOWN STEP	2026-04-13T00:13:44.7817805Z Download action repository 'google-github-actions/auth@v2' (SHA:c200f3691d83b41bf9bbd8638997a462592937ed)
Deploy & Test TF+Helm (templates/enterprise-gke)	UNKNOWN STEP	2026-04-13T00:13:45.4893388Z Download action repository 'hashicorp/setup-terraform@v3' (SHA:b9cd54a3c349d3f38e8881555d616ced269862dd)
Deploy & Test TF+Helm (templates/enterprise-gke)	UNKNOWN STEP	2026-04-13T00:13:46.3609793Z Download action repository 'google-github-actions/get-gke-credentials@v2' (SHA:64bc7249bbcf78056bb92f14d3cedc2da193946c)
Deploy & Test TF+Helm (templates/enterprise-gke)	UNKNOWN STEP	2026-04-13T00:13:47.0882296Z Download action repository 'azure/setup-helm@v4' (SHA:1a275c3b69536ee54be43f2070a358922e12c8d4)
Deploy & Test TF+Helm (templates/enterprise-gke)	UNKNOWN STEP	2026-04-13T00:13:47.7768137Z Download action repository 'actions/github-script@v7' (SHA:f28e40c7f34bde8b3046d885e986cb6290c5673b)
Deploy & Test TF+Helm (templates/enterprise-gke)	UNKNOWN STEP	2026-04-13T00:13:48.6268274Z Complete job name: Deploy & Test TF+Helm (templates/enterprise-gke)
Deploy & Test TF+Helm (templates/enterprise-gke)	UNKNOWN STEP	2026-04-13T00:13:48.6933340Z ##[group]Run actions/checkout@v4
Deploy & Test TF+Helm (templates/enterprise-gke)	UNKNOWN STEP	2026-04-13T00:13:48.6934081Z with:
Deploy & Test TF+Helm (templates/enterprise-gke)	UNKNOWN STEP	2026-04-13T00:13:48.6934310Z   repository: fkc1e100/gcp-template-forge
Deploy & Test TF+Helm (templates/enterprise-gke)	UNKNOWN STEP	2026-04-13T00:13:48.6934774Z   token: ***
Deploy & Test TF+Helm (templates/enterprise-gke)	UNKNOWN STEP	2026-04-13T00:13:48.6934976Z   ssh-strict: true
Deploy & Test TF+Helm (templates/enterprise-gke)	UNKNOWN STEP	2026-04-13T00:13:48.6935174Z   ssh-user: git
Deploy & Test TF+Helm (templates/enterprise-gke)	UNKNOWN STEP	2026-04-13T00:13:48.6935372Z   persist-credentials: true
Deploy & Test TF+Helm (templates/enterprise-gke)	UNKNOWN STEP	2026-04-13T00:13:48.6935607Z   clean: true
Deploy & Test TF+Helm (templates/enterprise-gke)	UNKNOWN STEP	2026-04-13T00:13:48.6935819Z   sparse-checkout-cone-mode: true
Deploy & Test TF+Helm (templates/enterprise-gke)	UNKNOWN STEP	2026-04-13T00:13:48.6936072Z   fetch-depth: 1
Deploy & Test TF+Helm (templates/enterprise-gke)	UNKNOWN STEP	2026-04-13T00:13:48.6936303Z   fetch-tags: false
Deploy & Test TF+Helm (templates/enterprise-gke)	UNKNOWN STEP	2026-04-13T00:13:48.6936494Z   show-progress: true
Deploy & Test TF+Helm (templates/enterprise-gke)	UNKNOWN STEP	2026-04-13T00:13:48.6936695Z   lfs: false
Deploy & Test TF+Helm (templates/enterprise-gke)	UNKNOWN STEP	2026-04-13T00:13:48.6936866Z   submodules: false
Deploy & Test TF+Helm (templates/enterprise-gke)	UNKNOWN STEP	2026-04-13T00:13:48.6937064Z   set-safe-directory: true
Deploy & Test TF+Helm (templates/enterprise-gke)	UNKNOWN STEP	2026-04-13T00:13:48.6937444Z env:
Deploy & Test TF+Helm (templates/enterprise-gke)	UNKNOWN STEP	2026-04-13T00:13:48.6937630Z   PROJECT_ID: gca-gke-2025
Deploy & Test TF+Helm (templates/enterprise-gke)	UNKNOWN STEP	2026-04-13T00:13:48.6937856Z   KCC_CLUSTER: krmapihost-kcc-instance
Deploy & Test TF+Helm (templates/enterprise-gke)	UNKNOWN STEP	2026-04-13T00:13:48.6938123Z   KCC_REGION: us-central1
Deploy & Test TF+Helm (templates/enterprise-gke)	UNKNOWN STEP	2026-04-13T00:13:48.6938400Z   KCC_NAMESPACE: forge-management
Deploy & Test TF+Helm (templates/enterprise-gke)	UNKNOWN STEP	2026-04-13T00:13:48.6938880Z   WIF_PROVIDER: projects/764460891170/locations/global/workloadIdentityPools/github-actions/providers/github
Deploy & Test TF+Helm (templates/enterprise-gke)	UNKNOWN STEP	2026-04-13T00:13:48.6939483Z   WIF_SERVICE_ACCOUNT: forge-builder@gca-gke-2025.iam.gserviceaccount.com
Deploy & Test TF+Helm (templates/enterprise-gke)	UNKNOWN STEP	2026-04-13T00:13:48.6939883Z   TF_STATE_BUCKET: gke-gca-2025-forge-tf-state
Deploy & Test TF+Helm (templates/enterprise-gke)	UNKNOWN STEP	2026-04-13T00:13:48.6940184Z   USE_GKE_GCLOUD_AUTH_PLUGIN: True
Deploy & Test TF+Helm (templates/enterprise-gke)	UNKNOWN STEP	2026-04-13T00:13:48.6940439Z   TF_VAR_project_id: gca-gke-2025
Deploy & Test TF+Helm (templates/enterprise-gke)	UNKNOWN STEP	2026-04-13T00:13:48.6940777Z   TF_VAR_service_account: forge-builder@gca-gke-2025.iam.gserviceaccount.com
Deploy & Test TF+Helm (templates/enterprise-gke)	UNKNOWN STEP	2026-04-13T00:13:48.6941398Z ##[endgroup]
Deploy & Test TF+Helm (templates/enterprise-gke)	UNKNOWN STEP	2026-04-13T00:13:48.8052158Z Syncing repository: fkc1e100/gcp-template-forge
Deploy & Test TF+Helm (templates/enterprise-gke)	UNKNOWN STEP	2026-04-13T00:13:48.8053928Z ##[group]Getting Git version info
Deploy & Test TF+Helm (templates/enterprise-gke)	UNKNOWN STEP	2026-04-13T00:13:48.8054414Z Working directory is '/home/runner/work/gcp-template-forge/gcp-template-forge'
Deploy & Test TF+Helm (templates/enterprise-gke)	UNKNOWN STEP	2026-04-13T00:13:48.8055016Z [command]/usr/bin/git version
Deploy & Test TF+Helm (templates/enterprise-gke)	UNKNOWN STEP	2026-04-13T00:13:48.8083325Z git version 2.53.0
Deploy & Test TF+Helm (templates/enterprise-gke)	UNKNOWN STEP	2026-04-13T00:13:48.8108075Z ##[endgroup]
Deploy & Test TF+Helm (templates/enterprise-gke)	UNKNOWN STEP	2026-04-13T00:13:48.8122572Z Temporarily overriding HOME='/home/runner/work/_temp/7fcaec20-7ae0-48a6-a0ef-9a6f14366cd6' before making global git config changes
Deploy & Test TF+Helm (templates/enterprise-gke)	UNKNOWN STEP	2026-04-13T00:13:48.8128710Z Adding repository directory to the temporary git global config as a safe directory
Deploy & Test TF+Helm (templates/enterprise-gke)	UNKNOWN STEP	2026-04-13T00:13:48.8129660Z [command]/usr/bin/git config --global --add safe.directory /home/runner/work/gcp-template-forge/gcp-template-forge
Deploy & Test TF+Helm (templates/enterprise-gke)	UNKNOWN STEP	2026-04-13T00:13:48.8164582Z Deleting the contents of '/home/runner/work/gcp-template-forge/gcp-template-forge'
Deploy & Test TF+Helm (templates/enterprise-gke)	UNKNOWN STEP	2026-04-13T00:13:48.8168388Z ##[group]Initializing the repository
Deploy & Test TF+Helm (templates/enterprise-gke)	UNKNOWN STEP	2026-04-13T00:13:48.8172799Z [command]/usr/bin/git init /home/runner/work/gcp-template-forge/gcp-template-forge
Deploy & Test TF+Helm (templates/enterprise-gke)	UNKNOWN STEP	2026-04-13T00:13:48.8258342Z hint: Using 'master' as the name for the initial branch. This default branch name
Deploy & Test TF+Helm (templates/enterprise-gke)	UNKNOWN STEP	2026-04-13T00:13:48.8259189Z hint: will change to "main" in Git 3.0. To configure the initial branch name
Deploy & Test TF+Helm (templates/enterprise-gke)	UNKNOWN STEP	2026-04-13T00:13:48.8259934Z hint: to use in all of your new repositories, which will suppress this warning,
Deploy & Test TF+Helm (templates/enterprise-gke)	UNKNOWN STEP	2026-04-13T00:13:48.8260437Z hint: call:
Deploy & Test TF+Helm (templates/enterprise-gke)	UNKNOWN STEP	2026-04-13T00:13:48.8260608Z hint:
Deploy & Test TF+Helm (templates/enterprise-gke)	UNKNOWN STEP	2026-04-13T00:13:48.8260891Z hint: 	git config --global init.defaultBranch <name>
Deploy & Test TF+Helm (templates/enterprise-gke)	UNKNOWN STEP	2026-04-13T00:13:48.8261184Z hint:
Deploy & Test TF+Helm (templates/enterprise-gke)	UNKNOWN STEP	2026-04-13T00:13:48.8261463Z hint: Names commonly chosen instead of 'master' are 'main', 'trunk' and
Deploy & Test TF+Helm (templates/enterprise-gke)	UNKNOWN STEP	2026-04-13T00:13:48.8261925Z hint: 'development'. The just-created branch can be renamed via this command:
Deploy & Test TF+Helm (templates/enterprise-gke)	UNKNOWN STEP	2026-04-13T00:13:48.8262270Z hint:
Deploy & Test TF+Helm (templates/enterprise-gke)	UNKNOWN STEP	2026-04-13T00:13:48.8262459Z hint: 	git branch -m <name>
Deploy & Test TF+Helm (templates/enterprise-gke)	UNKNOWN STEP	2026-04-13T00:13:48.8262666Z hint:
Deploy & Test TF+Helm (templates/enterprise-gke)	UNKNOWN STEP	2026-04-13T00:13:48.8262975Z hint: Disable this message with "git config set advice.defaultBranchName false"
Deploy & Test TF+Helm (templates/enterprise-gke)	UNKNOWN STEP	2026-04-13T00:13:48.8263842Z Initialized empty Git repository in /home/runner/work/gcp-template-forge/gcp-template-forge/.git/
Deploy & Test TF+Helm (templates/enterprise-gke)	UNKNOWN STEP	2026-04-13T00:13:48.8303488Z [command]/usr/bin/git remote add origin https://github.com/fkc1e100/gcp-template-forge
Deploy & Test TF+Helm (templates/enterprise-gke)	UNKNOWN STEP	2026-04-13T00:13:48.8305263Z ##[endgroup]
Deploy & Test TF+Helm (templates/enterprise-gke)	UNKNOWN STEP	2026-04-13T00:13:48.8305628Z ##[group]Disabling automatic garbage collection
Deploy & Test TF+Helm (templates/enterprise-gke)	UNKNOWN STEP	2026-04-13T00:13:48.8310461Z [command]/usr/bin/git config --local gc.auto 0
Deploy & Test TF+Helm (templates/enterprise-gke)	UNKNOWN STEP	2026-04-13T00:13:48.8343309Z ##[endgroup]
Deploy & Test TF+Helm (templates/enterprise-gke)	UNKNOWN STEP	2026-04-13T00:13:48.8344063Z ##[group]Setting up auth
Deploy & Test TF+Helm (templates/enterprise-gke)	UNKNOWN STEP	2026-04-13T00:13:48.8352268Z [command]/usr/bin/git config --local --name-only --get-regexp core\.sshCommand
Deploy & Test TF+Helm (templates/enterprise-gke)	UNKNOWN STEP	2026-04-13T00:13:48.8384555Z [command]/usr/bin/git submodule foreach --recursive sh -c "git config --local --name-only --get-regexp 'core\.sshCommand' && git config --local --unset-all 'core.sshCommand' || :"
Deploy & Test TF+Helm (templates/enterprise-gke)	UNKNOWN STEP	2026-04-13T00:13:48.8678224Z [command]/usr/bin/git config --local --name-only --get-regexp http\.https\:\/\/github\.com\/\.extraheader
Deploy & Test TF+Helm (templates/enterprise-gke)	UNKNOWN STEP	2026-04-13T00:13:48.8709209Z [command]/usr/bin/git submodule foreach --recursive sh -c "git config --local --name-only --get-regexp 'http\.https\:\/\/github\.com\/\.extraheader' && git config --local --unset-all 'http.https://github.com/.extraheader' || :"
Deploy & Test TF+Helm (templates/enterprise-gke)	UNKNOWN STEP	2026-04-13T00:13:48.8959030Z [command]/usr/bin/git config --local --name-only --get-regexp ^includeIf\.gitdir:
Deploy & Test TF+Helm (templates/enterprise-gke)	UNKNOWN STEP	2026-04-13T00:13:48.8996299Z [command]/usr/bin/git submodule foreach --recursive git config --local --show-origin --name-only --get-regexp remote.origin.url
Deploy & Test TF+Helm (templates/enterprise-gke)	UNKNOWN STEP	2026-04-13T00:13:48.9234912Z [command]/usr/bin/git config --local http.https://github.com/.extraheader AUTHORIZATION: basic ***
Deploy & Test TF+Helm (templates/enterprise-gke)	UNKNOWN STEP	2026-04-13T00:13:48.9271467Z ##[endgroup]
Deploy & Test TF+Helm (templates/enterprise-gke)	UNKNOWN STEP	2026-04-13T00:13:48.9271996Z ##[group]Fetching the repository
Deploy & Test TF+Helm (templates/enterprise-gke)	UNKNOWN STEP	2026-04-13T00:13:48.9280274Z [command]/usr/bin/git -c protocol.version=2 fetch --no-tags --prune --no-recurse-submodules --depth=1 origin +8531a8458b81f4b92629efe2a83e7acb514bb65b:refs/remotes/pull/19/merge
Deploy & Test TF+Helm (templates/enterprise-gke)	UNKNOWN STEP	2026-04-13T00:13:49.4013440Z From https://github.com/fkc1e100/gcp-template-forge
Deploy & Test TF+Helm (templates/enterprise-gke)	UNKNOWN STEP	2026-04-13T00:13:49.4014213Z  * [new ref]         8531a8458b81f4b92629efe2a83e7acb514bb65b -> pull/19/merge
Deploy & Test TF+Helm (templates/enterprise-gke)	UNKNOWN STEP	2026-04-13T00:13:49.4044992Z ##[endgroup]
Deploy & Test TF+Helm (templates/enterprise-gke)	UNKNOWN STEP	2026-04-13T00:13:49.4045654Z ##[group]Determining the checkout info
Deploy & Test TF+Helm (templates/enterprise-gke)	UNKNOWN STEP	2026-04-13T00:13:49.4047482Z ##[endgroup]
Deploy & Test TF+Helm (templates/enterprise-gke)	UNKNOWN STEP	2026-04-13T00:13:49.4053796Z [command]/usr/bin/git sparse-checkout disable
Deploy & Test TF+Helm (templates/enterprise-gke)	UNKNOWN STEP	2026-04-13T00:13:49.4094775Z [command]/usr/bin/git config --local --unset-all extensions.worktreeConfig
Deploy & Test TF+Helm (templates/enterprise-gke)	UNKNOWN STEP	2026-04-13T00:13:49.4121771Z ##[group]Checking out the ref
Deploy & Test TF+Helm (templates/enterprise-gke)	UNKNOWN STEP	2026-04-13T00:13:49.4125978Z [command]/usr/bin/git checkout --progress --force refs/remotes/pull/19/merge
Deploy & Test TF+Helm (templates/enterprise-gke)	UNKNOWN STEP	2026-04-13T00:13:49.4204284Z Note: switching to 'refs/remotes/pull/19/merge'.
Deploy & Test TF+Helm (templates/enterprise-gke)	UNKNOWN STEP	2026-04-13T00:13:49.4204890Z 
Deploy & Test TF+Helm (templates/enterprise-gke)	UNKNOWN STEP	2026-04-13T00:13:49.4205383Z You are in 'detached HEAD' state. You can look around, make experimental
Deploy & Test TF+Helm (templates/enterprise-gke)	UNKNOWN STEP	2026-04-13T00:13:49.4206132Z changes and commit them, and you can discard any commits you make in this
Deploy & Test TF+Helm (templates/enterprise-gke)	UNKNOWN STEP	2026-04-13T00:13:49.4206883Z state without impacting any branches by switching back to a branch.
Deploy & Test TF+Helm (templates/enterprise-gke)	UNKNOWN STEP	2026-04-13T00:13:49.4207307Z 
Deploy & Test TF+Helm (templates/enterprise-gke)	UNKNOWN STEP	2026-04-13T00:13:49.4207587Z If you want to create a new branch to retain commits you create, you may
Deploy & Test TF+Helm (templates/enterprise-gke)	UNKNOWN STEP	2026-04-13T00:13:49.4208260Z do so (now or later) by using -c with the switch command. Example:
Deploy & Test TF+Helm (templates/enterprise-gke)	UNKNOWN STEP	2026-04-13T00:13:49.4208658Z 
Deploy & Test TF+Helm (templates/enterprise-gke)	UNKNOWN STEP	2026-04-13T00:13:49.4208821Z   git switch -c <new-branch-name>
Deploy & Test TF+Helm (templates/enterprise-gke)	UNKNOWN STEP	2026-04-13T00:13:49.4208984Z 
Deploy & Test TF+Helm (templates/enterprise-gke)	UNKNOWN STEP	2026-04-13T00:13:49.4209081Z Or undo this operation with:
Deploy & Test TF+Helm (templates/enterprise-gke)	UNKNOWN STEP	2026-04-13T00:13:49.4209256Z 
Deploy & Test TF+Helm (templates/enterprise-gke)	UNKNOWN STEP	2026-04-13T00:13:49.4209341Z   git switch -
Deploy & Test TF+Helm (templates/enterprise-gke)	UNKNOWN STEP	2026-04-13T00:13:49.4209458Z 
Deploy & Test TF+Helm (templates/enterprise-gke)	UNKNOWN STEP	2026-04-13T00:13:49.4209662Z Turn off this advice by setting config variable advice.detachedHead to false
Deploy & Test TF+Helm (templates/enterprise-gke)	UNKNOWN STEP	2026-04-13T00:13:49.4209959Z 
Deploy & Test TF+Helm (templates/enterprise-gke)	UNKNOWN STEP	2026-04-13T00:13:49.4210287Z HEAD is now at 8531a84 Merge 0bede08a3f0c3870387fe5516a328e2fd13edab6 into fa51959118460304cbc98b7149f2ee64eecd861c
Deploy & Test TF+Helm (templates/enterprise-gke)	UNKNOWN STEP	2026-04-13T00:13:49.4212161Z ##[endgroup]
Deploy & Test TF+Helm (templates/enterprise-gke)	UNKNOWN STEP	2026-04-13T00:13:49.4247895Z [command]/usr/bin/git log -1 --format=%H
Deploy & Test TF+Helm (templates/enterprise-gke)	UNKNOWN STEP	2026-04-13T00:13:49.4270806Z 8531a8458b81f4b92629efe2a83e7acb514bb65b
Deploy & Test TF+Helm (templates/enterprise-gke)	UNKNOWN STEP	2026-04-13T00:13:49.4500854Z ##[group]Run google-github-actions/auth@v2
Deploy & Test TF+Helm (templates/enterprise-gke)	UNKNOWN STEP	2026-04-13T00:13:49.4501145Z with:
Deploy & Test TF+Helm (templates/enterprise-gke)	UNKNOWN STEP	2026-04-13T00:13:49.4501617Z   workload_identity_provider: projects/764460891170/locations/global/workloadIdentityPools/github-actions/providers/github
Deploy & Test TF+Helm (templates/enterprise-gke)	UNKNOWN STEP	2026-04-13T00:13:49.4502247Z   service_account: forge-builder@gca-gke-2025.iam.gserviceaccount.com
Deploy & Test TF+Helm (templates/enterprise-gke)	UNKNOWN STEP	2026-04-13T00:13:49.4502596Z   create_credentials_file: true
Deploy & Test TF+Helm (templates/enterprise-gke)	UNKNOWN STEP	2026-04-13T00:13:49.4502850Z   export_environment_variables: true
Deploy & Test TF+Helm (templates/enterprise-gke)	UNKNOWN STEP	2026-04-13T00:13:49.4503104Z   universe: googleapis.com
Deploy & Test TF+Helm (templates/enterprise-gke)	UNKNOWN STEP	2026-04-13T00:13:49.4503320Z   cleanup_credentials: true
Deploy & Test TF+Helm (templates/enterprise-gke)	UNKNOWN STEP	2026-04-13T00:13:49.4503547Z   access_token_lifetime: 3600s
Deploy & Test TF+Helm (templates/enterprise-gke)	UNKNOWN STEP	2026-04-13T00:13:49.4504090Z   access_token_scopes: https://www.googleapis.com/auth/cloud-platform
Deploy & Test TF+Helm (templates/enterprise-gke)	UNKNOWN STEP	2026-04-13T00:13:49.4504442Z   id_token_include_email: false
Deploy & Test TF+Helm (templates/enterprise-gke)	UNKNOWN STEP	2026-04-13T00:13:49.4504648Z env:
Deploy & Test TF+Helm (templates/enterprise-gke)	UNKNOWN STEP	2026-04-13T00:13:49.4504827Z   PROJECT_ID: gca-gke-2025
Deploy & Test TF+Helm (templates/enterprise-gke)	UNKNOWN STEP	2026-04-13T00:13:49.4505057Z   KCC_CLUSTER: krmapihost-kcc-instance
Deploy & Test TF+Helm (templates/enterprise-gke)	UNKNOWN STEP	2026-04-13T00:13:49.4505364Z   KCC_REGION: us-central1
Deploy & Test TF+Helm (templates/enterprise-gke)	UNKNOWN STEP	2026-04-13T00:13:49.4505582Z   KCC_NAMESPACE: forge-management
Deploy & Test TF+Helm (templates/enterprise-gke)	UNKNOWN STEP	2026-04-13T00:13:49.4506049Z   WIF_PROVIDER: projects/764460891170/locations/global/workloadIdentityPools/github-actions/providers/github
Deploy & Test TF+Helm (templates/enterprise-gke)	UNKNOWN STEP	2026-04-13T00:13:49.4506625Z   WIF_SERVICE_ACCOUNT: forge-builder@gca-gke-2025.iam.gserviceaccount.com
Deploy & Test TF+Helm (templates/enterprise-gke)	UNKNOWN STEP	2026-04-13T00:13:49.4507007Z   TF_STATE_BUCKET: gke-gca-2025-forge-tf-state
Deploy & Test TF+Helm (templates/enterprise-gke)	UNKNOWN STEP	2026-04-13T00:13:49.4507291Z   USE_GKE_GCLOUD_AUTH_PLUGIN: True
Deploy & Test TF+Helm (templates/enterprise-gke)	UNKNOWN STEP	2026-04-13T00:13:49.4507545Z   TF_VAR_project_id: gca-gke-2025
Deploy & Test TF+Helm (templates/enterprise-gke)	UNKNOWN STEP	2026-04-13T00:13:49.4507884Z   TF_VAR_service_account: forge-builder@gca-gke-2025.iam.gserviceaccount.com
Deploy & Test TF+Helm (templates/enterprise-gke)	UNKNOWN STEP	2026-04-13T00:13:49.4508237Z ##[endgroup]
Deploy & Test TF+Helm (templates/enterprise-gke)	UNKNOWN STEP	2026-04-13T00:13:49.7672258Z Created credentials file at "/home/runner/work/gcp-template-forge/gcp-template-forge/gha-creds-1fcd5fbc541116c1.json"
Deploy & Test TF+Helm (templates/enterprise-gke)	UNKNOWN STEP	2026-04-13T00:13:49.9103261Z ##[group]Run hashicorp/setup-terraform@v3
Deploy & Test TF+Helm (templates/enterprise-gke)	UNKNOWN STEP	2026-04-13T00:13:49.9103560Z with:
Deploy & Test TF+Helm (templates/enterprise-gke)	UNKNOWN STEP	2026-04-13T00:13:49.9104014Z   cli_config_credentials_hostname: app.terraform.io
Deploy & Test TF+Helm (templates/enterprise-gke)	UNKNOWN STEP	2026-04-13T00:13:49.9104588Z   terraform_version: latest
Deploy & Test TF+Helm (templates/enterprise-gke)	UNKNOWN STEP	2026-04-13T00:13:49.9104821Z   terraform_wrapper: true
Deploy & Test TF+Helm (templates/enterprise-gke)	UNKNOWN STEP	2026-04-13T00:13:49.9105026Z env:
Deploy & Test TF+Helm (templates/enterprise-gke)	UNKNOWN STEP	2026-04-13T00:13:49.9105211Z   PROJECT_ID: gca-gke-2025
Deploy & Test TF+Helm (templates/enterprise-gke)	UNKNOWN STEP	2026-04-13T00:13:49.9105454Z   KCC_CLUSTER: krmapihost-kcc-instance
Deploy & Test TF+Helm (templates/enterprise-gke)	UNKNOWN STEP	2026-04-13T00:13:49.9105702Z   KCC_REGION: us-central1
Deploy & Test TF+Helm (templates/enterprise-gke)	UNKNOWN STEP	2026-04-13T00:13:49.9105920Z   KCC_NAMESPACE: forge-management
Deploy & Test TF+Helm (templates/enterprise-gke)	UNKNOWN STEP	2026-04-13T00:13:49.9106409Z   WIF_PROVIDER: projects/764460891170/locations/global/workloadIdentityPools/github-actions/providers/github
Deploy & Test TF+Helm (templates/enterprise-gke)	UNKNOWN STEP	2026-04-13T00:13:49.9106999Z   WIF_SERVICE_ACCOUNT: forge-builder@gca-gke-2025.iam.gserviceaccount.com
Deploy & Test TF+Helm (templates/enterprise-gke)	UNKNOWN STEP	2026-04-13T00:13:49.9107387Z   TF_STATE_BUCKET: gke-gca-2025-forge-tf-state
Deploy & Test TF+Helm (templates/enterprise-gke)	UNKNOWN STEP	2026-04-13T00:13:49.9107674Z   USE_GKE_GCLOUD_AUTH_PLUGIN: True
Deploy & Test TF+Helm (templates/enterprise-gke)	UNKNOWN STEP	2026-04-13T00:13:49.9107921Z   TF_VAR_project_id: gca-gke-2025
Deploy & Test TF+Helm (templates/enterprise-gke)	UNKNOWN STEP	2026-04-13T00:13:49.9108301Z   TF_VAR_service_account: forge-builder@gca-gke-2025.iam.gserviceaccount.com
Deploy & Test TF+Helm (templates/enterprise-gke)	UNKNOWN STEP	2026-04-13T00:13:49.9108979Z   CLOUDSDK_AUTH_CREDENTIAL_FILE_OVERRIDE: /home/runner/work/gcp-template-forge/gcp-template-forge/gha-creds-1fcd5fbc541116c1.json
Deploy & Test TF+Helm (templates/enterprise-gke)	UNKNOWN STEP	2026-04-13T00:13:49.9109824Z   GOOGLE_APPLICATION_CREDENTIALS: /home/runner/work/gcp-template-forge/gcp-template-forge/gha-creds-1fcd5fbc541116c1.json
Deploy & Test TF+Helm (templates/enterprise-gke)	UNKNOWN STEP	2026-04-13T00:13:49.9110573Z   GOOGLE_GHA_CREDS_PATH: /home/runner/work/gcp-template-forge/gcp-template-forge/gha-creds-1fcd5fbc541116c1.json
Deploy & Test TF+Helm (templates/enterprise-gke)	UNKNOWN STEP	2026-04-13T00:13:49.9111062Z   CLOUDSDK_CORE_PROJECT: gca-gke-2025
Deploy & Test TF+Helm (templates/enterprise-gke)	UNKNOWN STEP	2026-04-13T00:13:49.9111321Z   CLOUDSDK_PROJECT: gca-gke-2025
Deploy & Test TF+Helm (templates/enterprise-gke)	UNKNOWN STEP	2026-04-13T00:13:49.9111565Z   GCLOUD_PROJECT: gca-gke-2025
Deploy & Test TF+Helm (templates/enterprise-gke)	UNKNOWN STEP	2026-04-13T00:13:49.9111797Z   GCP_PROJECT: gca-gke-2025
Deploy & Test TF+Helm (templates/enterprise-gke)	UNKNOWN STEP	2026-04-13T00:13:49.9112023Z   GOOGLE_CLOUD_PROJECT: gca-gke-2025
Deploy & Test TF+Helm (templates/enterprise-gke)	UNKNOWN STEP	2026-04-13T00:13:49.9112262Z ##[endgroup]
Deploy & Test TF+Helm (templates/enterprise-gke)	UNKNOWN STEP	2026-04-13T00:13:50.6030177Z [command]/usr/bin/unzip -o -q /home/runner/work/_temp/83b4dc8b-a1d9-4109-bdb9-1d9a004c94ba
Deploy & Test TF+Helm (templates/enterprise-gke)	UNKNOWN STEP	2026-04-13T00:13:51.3941055Z ##[group]Run gsutil rm "gs://${TF_STATE_BUCKET}/templates/enterprise-gke/terraform-helm/default.tflock" \
Deploy & Test TF+Helm (templates/enterprise-gke)	UNKNOWN STEP	2026-04-13T00:13:51.3942181Z [36;1mgsutil rm "gs://${TF_STATE_BUCKET}/templates/enterprise-gke/terraform-helm/default.tflock" \[0m
Deploy & Test TF+Helm (templates/enterprise-gke)	UNKNOWN STEP	2026-04-13T00:13:51.3943063Z [36;1m  2>/dev/null && echo "Stale state lock removed" || echo "No stale lock present"[0m
Deploy & Test TF+Helm (templates/enterprise-gke)	UNKNOWN STEP	2026-04-13T00:13:51.3970656Z shell: /usr/bin/bash -e {0}
Deploy & Test TF+Helm (templates/enterprise-gke)	UNKNOWN STEP	2026-04-13T00:13:51.3970948Z env:
Deploy & Test TF+Helm (templates/enterprise-gke)	UNKNOWN STEP	2026-04-13T00:13:51.3971148Z   PROJECT_ID: gca-gke-2025
Deploy & Test TF+Helm (templates/enterprise-gke)	UNKNOWN STEP	2026-04-13T00:13:51.3971409Z   KCC_CLUSTER: krmapihost-kcc-instance
Deploy & Test TF+Helm (templates/enterprise-gke)	UNKNOWN STEP	2026-04-13T00:13:51.3971682Z   KCC_REGION: us-central1
Deploy & Test TF+Helm (templates/enterprise-gke)	UNKNOWN STEP	2026-04-13T00:13:51.3971913Z   KCC_NAMESPACE: forge-management
Deploy & Test TF+Helm (templates/enterprise-gke)	UNKNOWN STEP	2026-04-13T00:13:51.3972400Z   WIF_PROVIDER: projects/764460891170/locations/global/workloadIdentityPools/github-actions/providers/github
Deploy & Test TF+Helm (templates/enterprise-gke)	UNKNOWN STEP	2026-04-13T00:13:51.3973006Z   WIF_SERVICE_ACCOUNT: forge-builder@gca-gke-2025.iam.gserviceaccount.com
Deploy & Test TF+Helm (templates/enterprise-gke)	UNKNOWN STEP	2026-04-13T00:13:51.3973443Z   TF_STATE_BUCKET: gke-gca-2025-forge-tf-state
Deploy & Test TF+Helm (templates/enterprise-gke)	UNKNOWN STEP	2026-04-13T00:13:51.3973987Z   USE_GKE_GCLOUD_AUTH_PLUGIN: True
Deploy & Test TF+Helm (templates/enterprise-gke)	UNKNOWN STEP	2026-04-13T00:13:51.3974244Z   TF_VAR_project_id: gca-gke-2025
Deploy & Test TF+Helm (templates/enterprise-gke)	UNKNOWN STEP	2026-04-13T00:13:51.3974606Z   TF_VAR_service_account: forge-builder@gca-gke-2025.iam.gserviceaccount.com
Deploy & Test TF+Helm (templates/enterprise-gke)	UNKNOWN STEP	2026-04-13T00:13:51.3975289Z   CLOUDSDK_AUTH_CREDENTIAL_FILE_OVERRIDE: /home/runner/work/gcp-template-forge/gcp-template-forge/gha-creds-1fcd5fbc541116c1.json
Deploy & Test TF+Helm (templates/enterprise-gke)	UNKNOWN STEP	2026-04-13T00:13:51.3976177Z   GOOGLE_APPLICATION_CREDENTIALS: /home/runner/work/gcp-template-forge/gcp-template-forge/gha-creds-1fcd5fbc541116c1.json
Deploy & Test TF+Helm (templates/enterprise-gke)	UNKNOWN STEP	2026-04-13T00:13:51.3976927Z   GOOGLE_GHA_CREDS_PATH: /home/runner/work/gcp-template-forge/gcp-template-forge/gha-creds-1fcd5fbc541116c1.json
Deploy & Test TF+Helm (templates/enterprise-gke)	UNKNOWN STEP	2026-04-13T00:13:51.3977418Z   CLOUDSDK_CORE_PROJECT: gca-gke-2025
Deploy & Test TF+Helm (templates/enterprise-gke)	UNKNOWN STEP	2026-04-13T00:13:51.3977671Z   CLOUDSDK_PROJECT: gca-gke-2025
Deploy & Test TF+Helm (templates/enterprise-gke)	UNKNOWN STEP	2026-04-13T00:13:51.3977919Z   GCLOUD_PROJECT: gca-gke-2025
Deploy & Test TF+Helm (templates/enterprise-gke)	UNKNOWN STEP	2026-04-13T00:13:51.3978152Z   GCP_PROJECT: gca-gke-2025
Deploy & Test TF+Helm (templates/enterprise-gke)	UNKNOWN STEP	2026-04-13T00:13:51.3978376Z   GOOGLE_CLOUD_PROJECT: gca-gke-2025
Deploy & Test TF+Helm (templates/enterprise-gke)	UNKNOWN STEP	2026-04-13T00:13:51.3978745Z   TERRAFORM_CLI_PATH: /home/runner/work/_temp/65545c95-ca20-450e-b88d-694226a92851
Deploy & Test TF+Helm (templates/enterprise-gke)	UNKNOWN STEP	2026-04-13T00:13:51.3979126Z ##[endgroup]
Deploy & Test TF+Helm (templates/enterprise-gke)	UNKNOWN STEP	2026-04-13T00:13:58.4669700Z No stale lock present
Deploy & Test TF+Helm (templates/enterprise-gke)	UNKNOWN STEP	2026-04-13T00:13:58.5219777Z ##[group]Run echo "TF_START=$(date -u +%s)" >> $GITHUB_ENV
Deploy & Test TF+Helm (templates/enterprise-gke)	UNKNOWN STEP	2026-04-13T00:13:58.5220224Z [36;1mecho "TF_START=$(date -u +%s)" >> $GITHUB_ENV[0m
Deploy & Test TF+Helm (templates/enterprise-gke)	UNKNOWN STEP	2026-04-13T00:13:58.5220562Z [36;1mterraform init \[0m
Deploy & Test TF+Helm (templates/enterprise-gke)	UNKNOWN STEP	2026-04-13T00:13:58.5220887Z [36;1m  -backend-config="bucket=$TF_STATE_BUCKET" \[0m
Deploy & Test TF+Helm (templates/enterprise-gke)	UNKNOWN STEP	2026-04-13T00:13:58.5221293Z [36;1m  -backend-config="prefix=templates/enterprise-gke/terraform-helm"[0m
Deploy & Test TF+Helm (templates/enterprise-gke)	UNKNOWN STEP	2026-04-13T00:13:58.5221719Z [36;1mterraform apply -auto-approve -input=false[0m
Deploy & Test TF+Helm (templates/enterprise-gke)	UNKNOWN STEP	2026-04-13T00:13:58.5244219Z shell: /usr/bin/bash -e {0}
Deploy & Test TF+Helm (templates/enterprise-gke)	UNKNOWN STEP	2026-04-13T00:13:58.5244467Z env:
Deploy & Test TF+Helm (templates/enterprise-gke)	UNKNOWN STEP	2026-04-13T00:13:58.5244665Z   PROJECT_ID: gca-gke-2025
Deploy & Test TF+Helm (templates/enterprise-gke)	UNKNOWN STEP	2026-04-13T00:13:58.5244913Z   KCC_CLUSTER: krmapihost-kcc-instance
Deploy & Test TF+Helm (templates/enterprise-gke)	UNKNOWN STEP	2026-04-13T00:13:58.5245180Z   KCC_REGION: us-central1
Deploy & Test TF+Helm (templates/enterprise-gke)	UNKNOWN STEP	2026-04-13T00:13:58.5245414Z   KCC_NAMESPACE: forge-management
Deploy & Test TF+Helm (templates/enterprise-gke)	UNKNOWN STEP	2026-04-13T00:13:58.5245918Z   WIF_PROVIDER: projects/764460891170/locations/global/workloadIdentityPools/github-actions/providers/github
Deploy & Test TF+Helm (templates/enterprise-gke)	UNKNOWN STEP	2026-04-13T00:13:58.5246575Z   WIF_SERVICE_ACCOUNT: forge-builder@gca-gke-2025.iam.gserviceaccount.com
Deploy & Test TF+Helm (templates/enterprise-gke)	UNKNOWN STEP	2026-04-13T00:13:58.5246978Z   TF_STATE_BUCKET: gke-gca-2025-forge-tf-state
Deploy & Test TF+Helm (templates/enterprise-gke)	UNKNOWN STEP	2026-04-13T00:13:58.5247261Z   USE_GKE_GCLOUD_AUTH_PLUGIN: True
Deploy & Test TF+Helm (templates/enterprise-gke)	UNKNOWN STEP	2026-04-13T00:13:58.5247515Z   TF_VAR_project_id: gca-gke-2025
Deploy & Test TF+Helm (templates/enterprise-gke)	UNKNOWN STEP	2026-04-13T00:13:58.5247866Z   TF_VAR_service_account: forge-builder@gca-gke-2025.iam.gserviceaccount.com
Deploy & Test TF+Helm (templates/enterprise-gke)	UNKNOWN STEP	2026-04-13T00:13:58.5248541Z   CLOUDSDK_AUTH_CREDENTIAL_FILE_OVERRIDE: /home/runner/work/gcp-template-forge/gcp-template-forge/gha-creds-1fcd5fbc541116c1.json
Deploy & Test TF+Helm (templates/enterprise-gke)	UNKNOWN STEP	2026-04-13T00:13:58.5249383Z   GOOGLE_APPLICATION_CREDENTIALS: /home/runner/work/gcp-template-forge/gcp-template-forge/gha-creds-1fcd5fbc541116c1.json
Deploy & Test TF+Helm (templates/enterprise-gke)	UNKNOWN STEP	2026-04-13T00:13:58.5250148Z   GOOGLE_GHA_CREDS_PATH: /home/runner/work/gcp-template-forge/gcp-template-forge/gha-creds-1fcd5fbc541116c1.json
Deploy & Test TF+Helm (templates/enterprise-gke)	UNKNOWN STEP	2026-04-13T00:13:58.5250654Z   CLOUDSDK_CORE_PROJECT: gca-gke-2025
Deploy & Test TF+Helm (templates/enterprise-gke)	UNKNOWN STEP	2026-04-13T00:13:58.5250920Z   CLOUDSDK_PROJECT: gca-gke-2025
Deploy & Test TF+Helm (templates/enterprise-gke)	UNKNOWN STEP	2026-04-13T00:13:58.5251167Z   GCLOUD_PROJECT: gca-gke-2025
Deploy & Test TF+Helm (templates/enterprise-gke)	UNKNOWN STEP	2026-04-13T00:13:58.5251415Z   GCP_PROJECT: gca-gke-2025
Deploy & Test TF+Helm (templates/enterprise-gke)	UNKNOWN STEP	2026-04-13T00:13:58.5251649Z   GOOGLE_CLOUD_PROJECT: gca-gke-2025
Deploy & Test TF+Helm (templates/enterprise-gke)	UNKNOWN STEP	2026-04-13T00:13:58.5252026Z   TERRAFORM_CLI_PATH: /home/runner/work/_temp/65545c95-ca20-450e-b88d-694226a92851
Deploy & Test TF+Helm (templates/enterprise-gke)	UNKNOWN STEP	2026-04-13T00:13:58.5252401Z ##[endgroup]
Deploy & Test TF+Helm (templates/enterprise-gke)	UNKNOWN STEP	2026-04-13T00:13:59.4369468Z [0m[1mInitializing the backend...[0m
Deploy & Test TF+Helm (templates/enterprise-gke)	UNKNOWN STEP	2026-04-13T00:13:59.9490589Z [0m[32m
Deploy & Test TF+Helm (templates/enterprise-gke)	UNKNOWN STEP	2026-04-13T00:13:59.9491134Z Successfully configured the backend "gcs"! Terraform will automatically
Deploy & Test TF+Helm (templates/enterprise-gke)	UNKNOWN STEP	2026-04-13T00:13:59.9491772Z use this backend unless the backend configuration changes.[0m
Deploy & Test TF+Helm (templates/enterprise-gke)	UNKNOWN STEP	2026-04-13T00:14:00.3079884Z [0m[1mInitializing provider plugins...[0m
Deploy & Test TF+Helm (templates/enterprise-gke)	UNKNOWN STEP	2026-04-13T00:14:00.3080447Z - Finding hashicorp/google versions matching "~> 7.0"...
Deploy & Test TF+Helm (templates/enterprise-gke)	UNKNOWN STEP	2026-04-13T00:14:00.4417381Z - Finding hashicorp/google-beta versions matching "~> 7.0"...
Deploy & Test TF+Helm (templates/enterprise-gke)	UNKNOWN STEP	2026-04-13T00:14:00.5066135Z - Finding hashicorp/helm versions matching "~> 2.10"...
Deploy & Test TF+Helm (templates/enterprise-gke)	UNKNOWN STEP	2026-04-13T00:14:00.9037277Z - Installing hashicorp/google v7.27.0...
Deploy & Test TF+Helm (templates/enterprise-gke)	UNKNOWN STEP	2026-04-13T00:14:02.2069413Z - Installed hashicorp/google v7.27.0 (signed by HashiCorp)
Deploy & Test TF+Helm (templates/enterprise-gke)	UNKNOWN STEP	2026-04-13T00:14:02.4698649Z - Installing hashicorp/google-beta v7.27.0...
Deploy & Test TF+Helm (templates/enterprise-gke)	UNKNOWN STEP	2026-04-13T00:14:03.9215507Z - Installed hashicorp/google-beta v7.27.0 (signed by HashiCorp)
Deploy & Test TF+Helm (templates/enterprise-gke)	UNKNOWN STEP	2026-04-13T00:14:04.1818892Z - Installing hashicorp/helm v2.17.0...
Deploy & Test TF+Helm (templates/enterprise-gke)	UNKNOWN STEP	2026-04-13T00:14:04.9116054Z - Installed hashicorp/helm v2.17.0 (signed by HashiCorp)
Deploy & Test TF+Helm (templates/enterprise-gke)	UNKNOWN STEP	2026-04-13T00:14:04.9117282Z Terraform has created a lock file [1m.terraform.lock.hcl[0m to record the provider
Deploy & Test TF+Helm (templates/enterprise-gke)	UNKNOWN STEP	2026-04-13T00:14:04.9118092Z selections it made above. Include this file in your version control repository
Deploy & Test TF+Helm (templates/enterprise-gke)	UNKNOWN STEP	2026-04-13T00:14:04.9118861Z so that Terraform can guarantee to make the same selections by default when
Deploy & Test TF+Helm (templates/enterprise-gke)	UNKNOWN STEP	2026-04-13T00:14:04.9119580Z you run "terraform init" in the future.[0m
Deploy & Test TF+Helm (templates/enterprise-gke)	UNKNOWN STEP	2026-04-13T00:14:04.9119895Z 
Deploy & Test TF+Helm (templates/enterprise-gke)	UNKNOWN STEP	2026-04-13T00:14:04.9120276Z [0m[1m[32mTerraform has been successfully initialized![0m[32m[0m
Deploy & Test TF+Helm (templates/enterprise-gke)	UNKNOWN STEP	2026-04-13T00:14:04.9120824Z [0m[32m
Deploy & Test TF+Helm (templates/enterprise-gke)	UNKNOWN STEP	2026-04-13T00:14:04.9121600Z You may now begin working with Terraform. Try running "terraform plan" to see
Deploy & Test TF+Helm (templates/enterprise-gke)	UNKNOWN STEP	2026-04-13T00:14:04.9122261Z any changes that are required for your infrastructure. All Terraform commands
Deploy & Test TF+Helm (templates/enterprise-gke)	UNKNOWN STEP	2026-04-13T00:14:04.9122611Z should now work.
Deploy & Test TF+Helm (templates/enterprise-gke)	UNKNOWN STEP	2026-04-13T00:14:04.9122726Z 
Deploy & Test TF+Helm (templates/enterprise-gke)	UNKNOWN STEP	2026-04-13T00:14:04.9122906Z If you ever set or change modules or backend configuration for Terraform,
Deploy & Test TF+Helm (templates/enterprise-gke)	UNKNOWN STEP	2026-04-13T00:14:04.9123390Z rerun this command to reinitialize your working directory. If you forget, other
Deploy & Test TF+Helm (templates/enterprise-gke)	UNKNOWN STEP	2026-04-13T00:14:04.9124309Z commands will detect it and remind you to do so if necessary.[0m
Deploy & Test TF+Helm (templates/enterprise-gke)	UNKNOWN STEP	2026-04-13T00:14:08.0285900Z [0m[1mdata.google_client_config.default: Reading...[0m[0m
Deploy & Test TF+Helm (templates/enterprise-gke)	UNKNOWN STEP	2026-04-13T00:14:08.0290207Z [0m[1mgoogle_compute_network.vpc: Refreshing state... [id=projects/gca-gke-2025/global/networks/enterprise-gke-tf-vpc][0m
Deploy & Test TF+Helm (templates/enterprise-gke)	UNKNOWN STEP	2026-04-13T00:14:08.1919335Z [0m[1mdata.google_client_config.default: Read complete after 0s [id=projects/gca-gke-2025/regions/us-central1/zones/][0m
Deploy & Test TF+Helm (templates/enterprise-gke)	UNKNOWN STEP	2026-04-13T00:14:08.4235495Z [0m[1mgoogle_compute_router.router: Refreshing state... [id=projects/gca-gke-2025/regions/us-central1/routers/enterprise-gke-router][0m
Deploy & Test TF+Helm (templates/enterprise-gke)	UNKNOWN STEP	2026-04-13T00:14:08.4237680Z [0m[1mgoogle_compute_subnetwork.subnet: Refreshing state... [id=projects/gca-gke-2025/regions/us-central1/subnetworks/enterprise-gke-tf-subnet][0m
Deploy & Test TF+Helm (templates/enterprise-gke)	UNKNOWN STEP	2026-04-13T00:14:08.7845816Z [0m[1mgoogle_container_cluster.enterprise_cluster: Refreshing state... [id=projects/gca-gke-2025/locations/us-central1/clusters/enterprise-gke-tf][0m
Deploy & Test TF+Helm (templates/enterprise-gke)	UNKNOWN STEP	2026-04-13T00:14:08.7847160Z [0m[1mgoogle_compute_router_nat.nat: Refreshing state... [id=gca-gke-2025/us-central1/enterprise-gke-router/enterprise-gke-nat][0m
Deploy & Test TF+Helm (templates/enterprise-gke)	UNKNOWN STEP	2026-04-13T00:14:10.0649583Z [0m[1mgoogle_container_node_pool.primary_nodes: Refreshing state... [id=projects/gca-gke-2025/locations/us-central1/clusters/enterprise-gke-tf/nodePools/enterprise-gke-pool][0m
Deploy & Test TF+Helm (templates/enterprise-gke)	UNKNOWN STEP	2026-04-13T00:14:10.2745928Z [0m[1mhelm_release.workload: Refreshing state... [id=enterprise-gke][0m
Deploy & Test TF+Helm (templates/enterprise-gke)	UNKNOWN STEP	2026-04-13T00:14:10.8405499Z 
Deploy & Test TF+Helm (templates/enterprise-gke)	UNKNOWN STEP	2026-04-13T00:14:10.8406364Z Terraform used the selected providers to generate the following execution
Deploy & Test TF+Helm (templates/enterprise-gke)	UNKNOWN STEP	2026-04-13T00:14:10.8407199Z plan. Resource actions are indicated with the following symbols:
Deploy & Test TF+Helm (templates/enterprise-gke)	UNKNOWN STEP	2026-04-13T00:14:10.8408177Z [31m-[0m/[32m+[0m destroy and then create replacement[0m
Deploy & Test TF+Helm (templates/enterprise-gke)	UNKNOWN STEP	2026-04-13T00:14:10.8408539Z 
Deploy & Test TF+Helm (templates/enterprise-gke)	UNKNOWN STEP	2026-04-13T00:14:10.8408719Z Terraform will perform the following actions:
Deploy & Test TF+Helm (templates/enterprise-gke)	UNKNOWN STEP	2026-04-13T00:14:10.8410002Z 
Deploy & Test TF+Helm (templates/enterprise-gke)	UNKNOWN STEP	2026-04-13T00:14:10.8410478Z [1m  # helm_release.workload[0m is tainted, so must be [1m[31mreplaced[0m
Deploy & Test TF+Helm (templates/enterprise-gke)	UNKNOWN STEP	2026-04-13T00:14:10.8411282Z [0m[31m-[0m/[32m+[0m[0m resource "helm_release" "workload" {
Deploy & Test TF+Helm (templates/enterprise-gke)	UNKNOWN STEP	2026-04-13T00:14:10.8412046Z       [33m~[0m[0m id                         = "enterprise-gke" -> (known after apply)
Deploy & Test TF+Helm (templates/enterprise-gke)	UNKNOWN STEP	2026-04-13T00:14:10.8412778Z       [32m+[0m[0m manifest                   = (known after apply)
Deploy & Test TF+Helm (templates/enterprise-gke)	UNKNOWN STEP	2026-04-13T00:14:10.8413390Z       [33m~[0m[0m metadata                   = [
Deploy & Test TF+Helm (templates/enterprise-gke)	UNKNOWN STEP	2026-04-13T00:14:10.8414138Z           [31m-[0m[0m {
Deploy & Test TF+Helm (templates/enterprise-gke)	UNKNOWN STEP	2026-04-13T00:14:10.8414638Z               [31m-[0m[0m app_version    = "1.0.0"
Deploy & Test TF+Helm (templates/enterprise-gke)	UNKNOWN STEP	2026-04-13T00:14:10.8415312Z               [31m-[0m[0m chart          = "enterprise-workload"
Deploy & Test TF+Helm (templates/enterprise-gke)	UNKNOWN STEP	2026-04-13T00:14:10.8415912Z               [31m-[0m[0m first_deployed = 1776038052
Deploy & Test TF+Helm (templates/enterprise-gke)	UNKNOWN STEP	2026-04-13T00:14:10.8416437Z               [31m-[0m[0m last_deployed  = 1776038052
Deploy & Test TF+Helm (templates/enterprise-gke)	UNKNOWN STEP	2026-04-13T00:14:10.8416984Z               [31m-[0m[0m name           = "enterprise-gke"
Deploy & Test TF+Helm (templates/enterprise-gke)	UNKNOWN STEP	2026-04-13T00:14:10.8417554Z               [31m-[0m[0m namespace      = "enterprise-gke"
Deploy & Test TF+Helm (templates/enterprise-gke)	UNKNOWN STEP	2026-04-13T00:14:10.8418190Z               [31m-[0m[0m revision       = 1
Deploy & Test TF+Helm (templates/enterprise-gke)	UNKNOWN STEP	2026-04-13T00:14:10.8418767Z               [31m-[0m[0m values         = jsonencode(
Deploy & Test TF+Helm (templates/enterprise-gke)	UNKNOWN STEP	2026-04-13T00:14:10.8419192Z                     {
Deploy & Test TF+Helm (templates/enterprise-gke)	UNKNOWN STEP	2026-04-13T00:14:10.8419642Z                       [31m-[0m[0m autoscaling        = {
Deploy & Test TF+Helm (templates/enterprise-gke)	UNKNOWN STEP	2026-04-13T00:14:10.8420271Z                           [31m-[0m[0m enabled                        = true
Deploy & Test TF+Helm (templates/enterprise-gke)	UNKNOWN STEP	2026-04-13T00:14:10.8420945Z                           [31m-[0m[0m maxReplicas                    = 10
Deploy & Test TF+Helm (templates/enterprise-gke)	UNKNOWN STEP	2026-04-13T00:14:10.8421599Z                           [31m-[0m[0m minReplicas                    = 3
Deploy & Test TF+Helm (templates/enterprise-gke)	UNKNOWN STEP	2026-04-13T00:14:10.8423035Z                           [31m-[0m[0m targetCPUUtilizationPercentage = 80
Deploy & Test TF+Helm (templates/enterprise-gke)	UNKNOWN STEP	2026-04-13T00:14:10.8423534Z                         }
Deploy & Test TF+Helm (templates/enterprise-gke)	UNKNOWN STEP	2026-04-13T00:14:10.8424198Z                       [31m-[0m[0m config             = {
Deploy & Test TF+Helm (templates/enterprise-gke)	UNKNOWN STEP	2026-04-13T00:14:10.8424790Z                           [31m-[0m[0m ENVIRONMENT = "production"
Deploy & Test TF+Helm (templates/enterprise-gke)	UNKNOWN STEP	2026-04-13T00:14:10.8425377Z                           [31m-[0m[0m LOG_LEVEL   = "info"
Deploy & Test TF+Helm (templates/enterprise-gke)	UNKNOWN STEP	2026-04-13T00:14:10.8425784Z                         }
Deploy & Test TF+Helm (templates/enterprise-gke)	UNKNOWN STEP	2026-04-13T00:14:10.8426178Z                       [31m-[0m[0m image              = {
Deploy & Test TF+Helm (templates/enterprise-gke)	UNKNOWN STEP	2026-04-13T00:14:10.8426753Z                           [31m-[0m[0m pullPolicy = "IfNotPresent"
Deploy & Test TF+Helm (templates/enterprise-gke)	UNKNOWN STEP	2026-04-13T00:14:10.8427431Z                           [31m-[0m[0m repository = "nginxinc/nginx-unprivileged"
Deploy & Test TF+Helm (templates/enterprise-gke)	UNKNOWN STEP	2026-04-13T00:14:10.8428064Z                           [31m-[0m[0m tag        = "1.25.3"
Deploy & Test TF+Helm (templates/enterprise-gke)	UNKNOWN STEP	2026-04-13T00:14:10.8428487Z                         }
Deploy & Test TF+Helm (templates/enterprise-gke)	UNKNOWN STEP	2026-04-13T00:14:10.8428936Z                       [31m-[0m[0m networkPolicy      = {
Deploy & Test TF+Helm (templates/enterprise-gke)	UNKNOWN STEP	2026-04-13T00:14:10.8429497Z                           [31m-[0m[0m enabled = true
Deploy & Test TF+Helm (templates/enterprise-gke)	UNKNOWN STEP	2026-04-13T00:14:10.8429909Z                         }
Deploy & Test TF+Helm (templates/enterprise-gke)	UNKNOWN STEP	2026-04-13T00:14:10.8430351Z                       [31m-[0m[0m pdb                = {
Deploy & Test TF+Helm (templates/enterprise-gke)	UNKNOWN STEP	2026-04-13T00:14:10.8430850Z                           [31m-[0m[0m enabled      = true
Deploy & Test TF+Helm (templates/enterprise-gke)	UNKNOWN STEP	2026-04-13T00:14:10.8431385Z                           [31m-[0m[0m minAvailable = 2
Deploy & Test TF+Helm (templates/enterprise-gke)	UNKNOWN STEP	2026-04-13T00:14:10.8431807Z                         }
Deploy & Test TF+Helm (templates/enterprise-gke)	UNKNOWN STEP	2026-04-13T00:14:10.8432259Z                       [31m-[0m[0m podSecurityContext = {
Deploy & Test TF+Helm (templates/enterprise-gke)	UNKNOWN STEP	2026-04-13T00:14:10.8433010Z                           [31m-[0m[0m fsGroup        = 2000
Deploy & Test TF+Helm (templates/enterprise-gke)	UNKNOWN STEP	2026-04-13T00:14:10.8433564Z                           [31m-[0m[0m runAsGroup     = 3000
Deploy & Test TF+Helm (templates/enterprise-gke)	UNKNOWN STEP	2026-04-13T00:14:10.8434253Z                           [31m-[0m[0m runAsNonRoot   = true
Deploy & Test TF+Helm (templates/enterprise-gke)	UNKNOWN STEP	2026-04-13T00:14:10.8434828Z                           [31m-[0m[0m runAsUser      = 1000
Deploy & Test TF+Helm (templates/enterprise-gke)	UNKNOWN STEP	2026-04-13T00:14:10.8435380Z                           [31m-[0m[0m seccompProfile = {
Deploy & Test TF+Helm (templates/enterprise-gke)	UNKNOWN STEP	2026-04-13T00:14:10.8435974Z                               [31m-[0m[0m type = "RuntimeDefault"
Deploy & Test TF+Helm (templates/enterprise-gke)	UNKNOWN STEP	2026-04-13T00:14:10.8436423Z                             }
Deploy & Test TF+Helm (templates/enterprise-gke)	UNKNOWN STEP	2026-04-13T00:14:10.8436750Z                         }
Deploy & Test TF+Helm (templates/enterprise-gke)	UNKNOWN STEP	2026-04-13T00:14:10.8437194Z                       [31m-[0m[0m replicaCount       = 3
Deploy & Test TF+Helm (templates/enterprise-gke)	UNKNOWN STEP	2026-04-13T00:14:10.8437692Z                       [31m-[0m[0m resources          = {
Deploy & Test TF+Helm (templates/enterprise-gke)	UNKNOWN STEP	2026-04-13T00:14:10.8438223Z                           [31m-[0m[0m limits   = {
Deploy & Test TF+Helm (templates/enterprise-gke)	UNKNOWN STEP	2026-04-13T00:14:10.8438765Z                               [31m-[0m[0m cpu    = "500m"
Deploy & Test TF+Helm (templates/enterprise-gke)	UNKNOWN STEP	2026-04-13T00:14:10.8439347Z                               [31m-[0m[0m memory = "512Mi"
Deploy & Test TF+Helm (templates/enterprise-gke)	UNKNOWN STEP	2026-04-13T00:14:10.8439745Z                             }
Deploy & Test TF+Helm (templates/enterprise-gke)	UNKNOWN STEP	2026-04-13T00:14:10.8440181Z                           [31m-[0m[0m requests = {
Deploy & Test TF+Helm (templates/enterprise-gke)	UNKNOWN STEP	2026-04-13T00:14:10.8440716Z                               [31m-[0m[0m cpu    = "100m"
Deploy & Test TF+Helm (templates/enterprise-gke)	UNKNOWN STEP	2026-04-13T00:14:10.8441279Z                               [31m-[0m[0m memory = "128Mi"
Deploy & Test TF+Helm (templates/enterprise-gke)	UNKNOWN STEP	2026-04-13T00:14:10.8441722Z                             }
Deploy & Test TF+Helm (templates/enterprise-gke)	UNKNOWN STEP	2026-04-13T00:14:10.8442053Z                         }
Deploy & Test TF+Helm (templates/enterprise-gke)	UNKNOWN STEP	2026-04-13T00:14:10.8442474Z                       [31m-[0m[0m secrets            = {
Deploy & Test TF+Helm (templates/enterprise-gke)	UNKNOWN STEP	2026-04-13T00:14:10.8442985Z                           [31m-[0m[0m enabled       = true
Deploy & Test TF+Helm (templates/enterprise-gke)	UNKNOWN STEP	2026-04-13T00:14:10.8443592Z                           [31m-[0m[0m gcpProjectId  = "gca-gke-2025"
Deploy & Test TF+Helm (templates/enterprise-gke)	UNKNOWN STEP	2026-04-13T00:14:10.8444427Z                           [31m-[0m[0m providerClass = "enterprise-gke-secrets"
Deploy & Test TF+Helm (templates/enterprise-gke)	UNKNOWN STEP	2026-04-13T00:14:10.8445217Z                           [31m-[0m[0m secretName    = "enterprise-gke-secret"
Deploy & Test TF+Helm (templates/enterprise-gke)	UNKNOWN STEP	2026-04-13T00:14:10.8445879Z                           [31m-[0m[0m secretVersion = "latest"
Deploy & Test TF+Helm (templates/enterprise-gke)	UNKNOWN STEP	2026-04-13T00:14:10.8446348Z                         }
Deploy & Test TF+Helm (templates/enterprise-gke)	UNKNOWN STEP	2026-04-13T00:14:10.8446786Z                       [31m-[0m[0m securityContext    = {
Deploy & Test TF+Helm (templates/enterprise-gke)	UNKNOWN STEP	2026-04-13T00:14:10.8447390Z                           [31m-[0m[0m allowPrivilegeEscalation = false
Deploy & Test TF+Helm (templates/enterprise-gke)	UNKNOWN STEP	2026-04-13T00:14:10.8448004Z                           [31m-[0m[0m capabilities             = {
Deploy & Test TF+Helm (templates/enterprise-gke)	UNKNOWN STEP	2026-04-13T00:14:10.8448811Z                               [31m-[0m[0m drop = [
Deploy & Test TF+Helm (templates/enterprise-gke)	UNKNOWN STEP	2026-04-13T00:14:10.8449490Z                                   [31m-[0m[0m "ALL",
Deploy & Test TF+Helm (templates/enterprise-gke)	UNKNOWN STEP	2026-04-13T00:14:10.8449891Z                                 ]
Deploy & Test TF+Helm (templates/enterprise-gke)	UNKNOWN STEP	2026-04-13T00:14:10.8450216Z                             }
Deploy & Test TF+Helm (templates/enterprise-gke)	UNKNOWN STEP	2026-04-13T00:14:10.8450719Z                           [31m-[0m[0m readOnlyRootFilesystem   = true
Deploy & Test TF+Helm (templates/enterprise-gke)	UNKNOWN STEP	2026-04-13T00:14:10.8451186Z                         }
Deploy & Test TF+Helm (templates/enterprise-gke)	UNKNOWN STEP	2026-04-13T00:14:10.8451607Z                       [31m-[0m[0m service            = {
Deploy & Test TF+Helm (templates/enterprise-gke)	UNKNOWN STEP	2026-04-13T00:14:10.8452128Z                           [31m-[0m[0m port       = 80
Deploy & Test TF+Helm (templates/enterprise-gke)	UNKNOWN STEP	2026-04-13T00:14:10.8452660Z                           [31m-[0m[0m targetPort = 8080
Deploy & Test TF+Helm (templates/enterprise-gke)	UNKNOWN STEP	2026-04-13T00:14:10.8453252Z                           [31m-[0m[0m type       = "LoadBalancer"
Deploy & Test TF+Helm (templates/enterprise-gke)	UNKNOWN STEP	2026-04-13T00:14:10.8453919Z                         }
Deploy & Test TF+Helm (templates/enterprise-gke)	UNKNOWN STEP	2026-04-13T00:14:10.8454406Z                       [31m-[0m[0m serviceAccount     = {
Deploy & Test TF+Helm (templates/enterprise-gke)	UNKNOWN STEP	2026-04-13T00:14:10.8454967Z                           [31m-[0m[0m create = true
Deploy & Test TF+Helm (templates/enterprise-gke)	UNKNOWN STEP	2026-04-13T00:14:10.8455549Z                           [31m-[0m[0m name   = "enterprise-gke-sa"
Deploy & Test TF+Helm (templates/enterprise-gke)	UNKNOWN STEP	2026-04-13T00:14:10.8456024Z                         }
Deploy & Test TF+Helm (templates/enterprise-gke)	UNKNOWN STEP	2026-04-13T00:14:10.8456332Z                     }
Deploy & Test TF+Helm (templates/enterprise-gke)	UNKNOWN STEP	2026-04-13T00:14:10.8456616Z                 )
Deploy & Test TF+Helm (templates/enterprise-gke)	UNKNOWN STEP	2026-04-13T00:14:10.8457026Z               [31m-[0m[0m version        = "0.1.0"
Deploy & Test TF+Helm (templates/enterprise-gke)	UNKNOWN STEP	2026-04-13T00:14:10.8457601Z                 [90m# (1 unchanged attribute hidden)[0m[0m
Deploy & Test TF+Helm (templates/enterprise-gke)	UNKNOWN STEP	2026-04-13T00:14:10.8458040Z             },
Deploy & Test TF+Helm (templates/enterprise-gke)	UNKNOWN STEP	2026-04-13T00:14:10.8458362Z         ] -> (known after apply)
Deploy & Test TF+Helm (templates/enterprise-gke)	UNKNOWN STEP	2026-04-13T00:14:10.8458786Z         name                       = "enterprise-gke"
Deploy & Test TF+Helm (templates/enterprise-gke)	UNKNOWN STEP	2026-04-13T00:14:10.8459447Z       [33m~[0m[0m status                     = "failed" [33m->[0m[0m "deployed"
Deploy & Test TF+Helm (templates/enterprise-gke)	UNKNOWN STEP	2026-04-13T00:14:10.8460126Z         [90m# (25 unchanged attributes hidden)[0m[0m
Deploy & Test TF+Helm (templates/enterprise-gke)	UNKNOWN STEP	2026-04-13T00:14:10.8460466Z 
Deploy & Test TF+Helm (templates/enterprise-gke)	UNKNOWN STEP	2026-04-13T00:14:10.8460706Z         [90m# (1 unchanged block hidden)[0m[0m
Deploy & Test TF+Helm (templates/enterprise-gke)	UNKNOWN STEP	2026-04-13T00:14:10.8461105Z     }
Deploy & Test TF+Helm (templates/enterprise-gke)	UNKNOWN STEP	2026-04-13T00:14:10.8461262Z 
Deploy & Test TF+Helm (templates/enterprise-gke)	UNKNOWN STEP	2026-04-13T00:14:10.8461522Z [1mPlan:[0m [0m1 to add, 0 to change, 1 to destroy.
Deploy & Test TF+Helm (templates/enterprise-gke)	UNKNOWN STEP	2026-04-13T00:14:11.4774355Z [0m[1mhelm_release.workload: Destroying... [id=enterprise-gke][0m[0m
Deploy & Test TF+Helm (templates/enterprise-gke)	UNKNOWN STEP	2026-04-13T00:14:21.4778251Z [0m[1mhelm_release.workload: Still destroying... [id=enterprise-gke, 00m10s elapsed][0m[0m
Deploy & Test TF+Helm (templates/enterprise-gke)	UNKNOWN STEP	2026-04-13T00:14:31.4786137Z [0m[1mhelm_release.workload: Still destroying... [id=enterprise-gke, 00m20s elapsed][0m[0m
Deploy & Test TF+Helm (templates/enterprise-gke)	UNKNOWN STEP	2026-04-13T00:14:41.4793912Z [0m[1mhelm_release.workload: Still destroying... [id=enterprise-gke, 00m30s elapsed][0m[0m
Deploy & Test TF+Helm (templates/enterprise-gke)	UNKNOWN STEP	2026-04-13T00:14:42.3951059Z [0m[1mhelm_release.workload: Destruction complete after 31s[0m
Deploy & Test TF+Helm (templates/enterprise-gke)	UNKNOWN STEP	2026-04-13T00:14:42.4011767Z [0m[1mhelm_release.workload: Creating...[0m[0m
Deploy & Test TF+Helm (templates/enterprise-gke)	UNKNOWN STEP	2026-04-13T00:14:52.4018027Z [0m[1mhelm_release.workload: Still creating... [00m10s elapsed][0m[0m
Deploy & Test TF+Helm (templates/enterprise-gke)	UNKNOWN STEP	2026-04-13T00:15:02.4023473Z [0m[1mhelm_release.workload: Still creating... [00m20s elapsed][0m[0m
Deploy & Test TF+Helm (templates/enterprise-gke)	UNKNOWN STEP	2026-04-13T00:15:12.4031348Z [0m[1mhelm_release.workload: Still creating... [00m30s elapsed][0m[0m
Deploy & Test TF+Helm (templates/enterprise-gke)	UNKNOWN STEP	2026-04-13T00:15:22.4033468Z [0m[1mhelm_release.workload: Still creating... [00m40s elapsed][0m[0m
Deploy & Test TF+Helm (templates/enterprise-gke)	UNKNOWN STEP	2026-04-13T00:15:32.4044181Z [0m[1mhelm_release.workload: Still creating... [00m50s elapsed][0m[0m
Deploy & Test TF+Helm (templates/enterprise-gke)	UNKNOWN STEP	2026-04-13T00:15:42.4051080Z [0m[1mhelm_release.workload: Still creating... [01m00s elapsed][0m[0m
Deploy & Test TF+Helm (templates/enterprise-gke)	UNKNOWN STEP	2026-04-13T00:15:52.4051719Z [0m[1mhelm_release.workload: Still creating... [01m10s elapsed][0m[0m
Deploy & Test TF+Helm (templates/enterprise-gke)	UNKNOWN STEP	2026-04-13T00:16:02.4057254Z [0m[1mhelm_release.workload: Still creating... [01m20s elapsed][0m[0m
Deploy & Test TF+Helm (templates/enterprise-gke)	UNKNOWN STEP	2026-04-13T00:16:12.4064117Z [0m[1mhelm_release.workload: Still creating... [01m30s elapsed][0m[0m
Deploy & Test TF+Helm (templates/enterprise-gke)	UNKNOWN STEP	2026-04-13T00:16:22.4067791Z [0m[1mhelm_release.workload: Still creating... [01m40s elapsed][0m[0m
Deploy & Test TF+Helm (templates/enterprise-gke)	UNKNOWN STEP	2026-04-13T00:16:32.4077568Z [0m[1mhelm_release.workload: Still creating... [01m50s elapsed][0m[0m
Deploy & Test TF+Helm (templates/enterprise-gke)	UNKNOWN STEP	2026-04-13T00:16:42.4079151Z [0m[1mhelm_release.workload: Still creating... [02m00s elapsed][0m[0m
Deploy & Test TF+Helm (templates/enterprise-gke)	UNKNOWN STEP	2026-04-13T00:16:52.4081819Z [0m[1mhelm_release.workload: Still creating... [02m10s elapsed][0m[0m
Deploy & Test TF+Helm (templates/enterprise-gke)	UNKNOWN STEP	2026-04-13T00:17:02.4084092Z [0m[1mhelm_release.workload: Still creating... [02m20s elapsed][0m[0m
Deploy & Test TF+Helm (templates/enterprise-gke)	UNKNOWN STEP	2026-04-13T00:17:12.4085762Z [0m[1mhelm_release.workload: Still creating... [02m30s elapsed][0m[0m
Deploy & Test TF+Helm (templates/enterprise-gke)	UNKNOWN STEP	2026-04-13T00:17:22.4087495Z [0m[1mhelm_release.workload: Still creating... [02m40s elapsed][0m[0m
Deploy & Test TF+Helm (templates/enterprise-gke)	UNKNOWN STEP	2026-04-13T00:17:32.4092783Z [0m[1mhelm_release.workload: Still creating... [02m50s elapsed][0m[0m
Deploy & Test TF+Helm (templates/enterprise-gke)	UNKNOWN STEP	2026-04-13T00:17:42.4100493Z [0m[1mhelm_release.workload: Still creating... [03m00s elapsed][0m[0m
Deploy & Test TF+Helm (templates/enterprise-gke)	UNKNOWN STEP	2026-04-13T00:17:52.4106007Z [0m[1mhelm_release.workload: Still creating... [03m10s elapsed][0m[0m
Deploy & Test TF+Helm (templates/enterprise-gke)	UNKNOWN STEP	2026-04-13T00:18:02.4114204Z [0m[1mhelm_release.workload: Still creating... [03m20s elapsed][0m[0m
Deploy & Test TF+Helm (templates/enterprise-gke)	UNKNOWN STEP	2026-04-13T00:18:12.4121719Z [0m[1mhelm_release.workload: Still creating... [03m30s elapsed][0m[0m
Deploy & Test TF+Helm (templates/enterprise-gke)	UNKNOWN STEP	2026-04-13T00:18:22.4125331Z [0m[1mhelm_release.workload: Still creating... [03m40s elapsed][0m[0m
Deploy & Test TF+Helm (templates/enterprise-gke)	UNKNOWN STEP	2026-04-13T00:18:32.4133097Z [0m[1mhelm_release.workload: Still creating... [03m50s elapsed][0m[0m
Deploy & Test TF+Helm (templates/enterprise-gke)	UNKNOWN STEP	2026-04-13T00:18:42.4143136Z [0m[1mhelm_release.workload: Still creating... [04m00s elapsed][0m[0m
Deploy & Test TF+Helm (templates/enterprise-gke)	UNKNOWN STEP	2026-04-13T00:18:52.4152337Z [0m[1mhelm_release.workload: Still creating... [04m10s elapsed][0m[0m
Deploy & Test TF+Helm (templates/enterprise-gke)	UNKNOWN STEP	2026-04-13T00:19:02.4159008Z [0m[1mhelm_release.workload: Still creating... [04m20s elapsed][0m[0m
Deploy & Test TF+Helm (templates/enterprise-gke)	UNKNOWN STEP	2026-04-13T00:19:12.4164684Z [0m[1mhelm_release.workload: Still creating... [04m30s elapsed][0m[0m
Deploy & Test TF+Helm (templates/enterprise-gke)	UNKNOWN STEP	2026-04-13T00:19:22.4173487Z [0m[1mhelm_release.workload: Still creating... [04m40s elapsed][0m[0m
Deploy & Test TF+Helm (templates/enterprise-gke)	UNKNOWN STEP	2026-04-13T00:19:32.4175507Z [0m[1mhelm_release.workload: Still creating... [04m50s elapsed][0m[0m
Deploy & Test TF+Helm (templates/enterprise-gke)	UNKNOWN STEP	2026-04-13T00:19:42.4179360Z [0m[1mhelm_release.workload: Still creating... [05m00s elapsed][0m[0m
Deploy & Test TF+Helm (templates/enterprise-gke)	UNKNOWN STEP	2026-04-13T00:19:45.9629686Z [33m╷[0m[0m
Deploy & Test TF+Helm (templates/enterprise-gke)	UNKNOWN STEP	2026-04-13T00:19:45.9631125Z [33m│[0m [0m[1m[33mWarning: [0m[0m[1mHelm release "" was created but has a failed status. Use the `helm` command to investigate the error, correct it, then run Terraform again.[0m
Deploy & Test TF+Helm (templates/enterprise-gke)	UNKNOWN STEP	2026-04-13T00:19:45.9632283Z [33m│[0m [0m
Deploy & Test TF+Helm (templates/enterprise-gke)	UNKNOWN STEP	2026-04-13T00:19:45.9632735Z [33m│[0m [0m[0m  with helm_release.workload,
Deploy & Test TF+Helm (templates/enterprise-gke)	UNKNOWN STEP	2026-04-13T00:19:45.9633436Z [33m│[0m [0m  on main.tf line 183, in resource "helm_release" "workload":
Deploy & Test TF+Helm (templates/enterprise-gke)	UNKNOWN STEP	2026-04-13T00:19:45.9634443Z [33m│[0m [0m 183: resource "helm_release" "workload" [4m{[0m[0m
Deploy & Test TF+Helm (templates/enterprise-gke)	UNKNOWN STEP	2026-04-13T00:19:45.9634960Z [33m│[0m [0m
Deploy & Test TF+Helm (templates/enterprise-gke)	UNKNOWN STEP	2026-04-13T00:19:45.9635256Z [33m╵[0m[0m
Deploy & Test TF+Helm (templates/enterprise-gke)	UNKNOWN STEP	2026-04-13T00:19:45.9645648Z [31m╷[0m[0m
Deploy & Test TF+Helm (templates/enterprise-gke)	UNKNOWN STEP	2026-04-13T00:19:45.9646211Z [31m│[0m [0m[1m[31mError: [0m[0m[1mcontext deadline exceeded[0m
Deploy & Test TF+Helm (templates/enterprise-gke)	UNKNOWN STEP	2026-04-13T00:19:45.9646888Z [31m│[0m [0m
Deploy & Test TF+Helm (templates/enterprise-gke)	UNKNOWN STEP	2026-04-13T00:19:45.9647288Z [31m│[0m [0m[0m  with helm_release.workload,
Deploy & Test TF+Helm (templates/enterprise-gke)	UNKNOWN STEP	2026-04-13T00:19:45.9647727Z [31m│[0m [0m  on main.tf line 183, in resource "helm_release" "workload":
Deploy & Test TF+Helm (templates/enterprise-gke)	UNKNOWN STEP	2026-04-13T00:19:45.9648200Z [31m│[0m [0m 183: resource "helm_release" "workload" [4m{[0m[0m
Deploy & Test TF+Helm (templates/enterprise-gke)	UNKNOWN STEP	2026-04-13T00:19:45.9648527Z [31m│[0m [0m
Deploy & Test TF+Helm (templates/enterprise-gke)	UNKNOWN STEP	2026-04-13T00:19:45.9648725Z [31m╵[0m[0m
Deploy & Test TF+Helm (templates/enterprise-gke)	UNKNOWN STEP	2026-04-13T00:19:46.1774590Z ##[error]Terraform exited with code 1.
Deploy & Test TF+Helm (templates/enterprise-gke)	UNKNOWN STEP	2026-04-13T00:19:46.1804188Z ##[error]Process completed with exit code 1.
Deploy & Test TF+Helm (templates/enterprise-gke)	UNKNOWN STEP	2026-04-13T00:19:46.1890022Z ##[group]Run # Destroy if TF apply itself failed (clean up partial state)
Deploy & Test TF+Helm (templates/enterprise-gke)	UNKNOWN STEP	2026-04-13T00:19:46.1890503Z [36;1m# Destroy if TF apply itself failed (clean up partial state)[0m
Deploy & Test TF+Helm (templates/enterprise-gke)	UNKNOWN STEP	2026-04-13T00:19:46.1890938Z [36;1m# OR if all downstream verification passed (normal successful cleanup)[0m
Deploy & Test TF+Helm (templates/enterprise-gke)	UNKNOWN STEP	2026-04-13T00:19:46.1891399Z [36;1m# Leave cluster up if TF apply succeeded but a downstream step failed —[0m
Deploy & Test TF+Helm (templates/enterprise-gke)	UNKNOWN STEP	2026-04-13T00:19:46.1891855Z [36;1m# next push will terraform apply (no-op) and re-run the failing step.[0m
Deploy & Test TF+Helm (templates/enterprise-gke)	UNKNOWN STEP	2026-04-13T00:19:46.1892211Z [36;1mTF_APPLY="failure"[0m
Deploy & Test TF+Helm (templates/enterprise-gke)	UNKNOWN STEP	2026-04-13T00:19:46.1892443Z [36;1mTF_VERIFY="skipped"[0m
Deploy & Test TF+Helm (templates/enterprise-gke)	UNKNOWN STEP	2026-04-13T00:19:46.1892665Z [36;1mHELM="skipped"[0m
Deploy & Test TF+Helm (templates/enterprise-gke)	UNKNOWN STEP	2026-04-13T00:19:46.1892864Z [36;1m[0m
Deploy & Test TF+Helm (templates/enterprise-gke)	UNKNOWN STEP	2026-04-13T00:19:46.1893062Z [36;1mif [ "$TF_APPLY" = "failure" ]; then[0m
Deploy & Test TF+Helm (templates/enterprise-gke)	UNKNOWN STEP	2026-04-13T00:19:46.1893360Z [36;1m  echo "should_destroy=true"  >> $GITHUB_OUTPUT[0m
Deploy & Test TF+Helm (templates/enterprise-gke)	UNKNOWN STEP	2026-04-13T00:19:46.1894029Z [36;1m  echo "Reason: TF apply failed — destroying partial state"[0m
Deploy & Test TF+Helm (templates/enterprise-gke)	UNKNOWN STEP	2026-04-13T00:19:46.1894747Z [36;1melif [ "$TF_VERIFY" = "success" ] && { [ "$HELM" = "success" ] || [ "$HELM" = "skipped" ]; }; then[0m
Deploy & Test TF+Helm (templates/enterprise-gke)	UNKNOWN STEP	2026-04-13T00:19:46.1895182Z [36;1m  echo "should_destroy=true"  >> $GITHUB_OUTPUT[0m
Deploy & Test TF+Helm (templates/enterprise-gke)	UNKNOWN STEP	2026-04-13T00:19:46.1895558Z [36;1m  echo "Reason: All verification passed — performing normal teardown"[0m
Deploy & Test TF+Helm (templates/enterprise-gke)	UNKNOWN STEP	2026-04-13T00:19:46.1895896Z [36;1melse[0m
Deploy & Test TF+Helm (templates/enterprise-gke)	UNKNOWN STEP	2026-04-13T00:19:46.1896111Z [36;1m  echo "should_destroy=false" >> $GITHUB_OUTPUT[0m
Deploy & Test TF+Helm (templates/enterprise-gke)	UNKNOWN STEP	2026-04-13T00:19:46.1896949Z [36;1m  echo "::notice::Cluster left running — TF apply succeeded but a downstream step failed. Next push will skip provisioning and re-run the failing step. Cluster will be destroyed on next successful run or PR close."[0m
Deploy & Test TF+Helm (templates/enterprise-gke)	UNKNOWN STEP	2026-04-13T00:19:46.1897748Z [36;1mfi[0m
Deploy & Test TF+Helm (templates/enterprise-gke)	UNKNOWN STEP	2026-04-13T00:19:46.1919774Z shell: /usr/bin/bash -e {0}
Deploy & Test TF+Helm (templates/enterprise-gke)	UNKNOWN STEP	2026-04-13T00:19:46.1920009Z env:
Deploy & Test TF+Helm (templates/enterprise-gke)	UNKNOWN STEP	2026-04-13T00:19:46.1920202Z   PROJECT_ID: gca-gke-2025
Deploy & Test TF+Helm (templates/enterprise-gke)	UNKNOWN STEP	2026-04-13T00:19:46.1920445Z   KCC_CLUSTER: krmapihost-kcc-instance
Deploy & Test TF+Helm (templates/enterprise-gke)	UNKNOWN STEP	2026-04-13T00:19:46.1920712Z   KCC_REGION: us-central1
Deploy & Test TF+Helm (templates/enterprise-gke)	UNKNOWN STEP	2026-04-13T00:19:46.1920946Z   KCC_NAMESPACE: forge-management
Deploy & Test TF+Helm (templates/enterprise-gke)	UNKNOWN STEP	2026-04-13T00:19:46.1921419Z   WIF_PROVIDER: projects/764460891170/locations/global/workloadIdentityPools/github-actions/providers/github
Deploy & Test TF+Helm (templates/enterprise-gke)	UNKNOWN STEP	2026-04-13T00:19:46.1922008Z   WIF_SERVICE_ACCOUNT: forge-builder@gca-gke-2025.iam.gserviceaccount.com
Deploy & Test TF+Helm (templates/enterprise-gke)	UNKNOWN STEP	2026-04-13T00:19:46.1922389Z   TF_STATE_BUCKET: gke-gca-2025-forge-tf-state
Deploy & Test TF+Helm (templates/enterprise-gke)	UNKNOWN STEP	2026-04-13T00:19:46.1922661Z   USE_GKE_GCLOUD_AUTH_PLUGIN: True
Deploy & Test TF+Helm (templates/enterprise-gke)	UNKNOWN STEP	2026-04-13T00:19:46.1922897Z   TF_VAR_project_id: gca-gke-2025
Deploy & Test TF+Helm (templates/enterprise-gke)	UNKNOWN STEP	2026-04-13T00:19:46.1923225Z   TF_VAR_service_account: forge-builder@gca-gke-2025.iam.gserviceaccount.com
Deploy & Test TF+Helm (templates/enterprise-gke)	UNKNOWN STEP	2026-04-13T00:19:46.1924201Z   CLOUDSDK_AUTH_CREDENTIAL_FILE_OVERRIDE: /home/runner/work/gcp-template-forge/gcp-template-forge/gha-creds-1fcd5fbc541116c1.json
Deploy & Test TF+Helm (templates/enterprise-gke)	UNKNOWN STEP	2026-04-13T00:19:46.1925026Z   GOOGLE_APPLICATION_CREDENTIALS: /home/runner/work/gcp-template-forge/gcp-template-forge/gha-creds-1fcd5fbc541116c1.json
Deploy & Test TF+Helm (templates/enterprise-gke)	UNKNOWN STEP	2026-04-13T00:19:46.1925766Z   GOOGLE_GHA_CREDS_PATH: /home/runner/work/gcp-template-forge/gcp-template-forge/gha-creds-1fcd5fbc541116c1.json
Deploy & Test TF+Helm (templates/enterprise-gke)	UNKNOWN STEP	2026-04-13T00:19:46.1926274Z   CLOUDSDK_CORE_PROJECT: gca-gke-2025
Deploy & Test TF+Helm (templates/enterprise-gke)	UNKNOWN STEP	2026-04-13T00:19:46.1926532Z   CLOUDSDK_PROJECT: gca-gke-2025
Deploy & Test TF+Helm (templates/enterprise-gke)	UNKNOWN STEP	2026-04-13T00:19:46.1926762Z   GCLOUD_PROJECT: gca-gke-2025
Deploy & Test TF+Helm (templates/enterprise-gke)	UNKNOWN STEP	2026-04-13T00:19:46.1926987Z   GCP_PROJECT: gca-gke-2025
Deploy & Test TF+Helm (templates/enterprise-gke)	UNKNOWN STEP	2026-04-13T00:19:46.1927213Z   GOOGLE_CLOUD_PROJECT: gca-gke-2025
Deploy & Test TF+Helm (templates/enterprise-gke)	UNKNOWN STEP	2026-04-13T00:19:46.1927566Z   TERRAFORM_CLI_PATH: /home/runner/work/_temp/65545c95-ca20-450e-b88d-694226a92851
Deploy & Test TF+Helm (templates/enterprise-gke)	UNKNOWN STEP	2026-04-13T00:19:46.1927928Z   TF_START: 1776039238
Deploy & Test TF+Helm (templates/enterprise-gke)	UNKNOWN STEP	2026-04-13T00:19:46.1928129Z ##[endgroup]
Deploy & Test TF+Helm (templates/enterprise-gke)	UNKNOWN STEP	2026-04-13T00:19:46.1976196Z Reason: TF apply failed — destroying partial state
Deploy & Test TF+Helm (templates/enterprise-gke)	UNKNOWN STEP	2026-04-13T00:19:46.2058331Z ##[group]Run actions/github-script@v7
Deploy & Test TF+Helm (templates/enterprise-gke)	UNKNOWN STEP	2026-04-13T00:19:46.2058589Z with:
Deploy & Test TF+Helm (templates/enterprise-gke)	UNKNOWN STEP	2026-04-13T00:19:46.2060811Z   script: const template = 'templates/enterprise-gke';
Deploy & Test TF+Helm (templates/enterprise-gke)	UNKNOWN STEP	const tfResult = 'skipped';
Deploy & Test TF+Helm (templates/enterprise-gke)	UNKNOWN STEP	const helmResult = 'skipped';
Deploy & Test TF+Helm (templates/enterprise-gke)	UNKNOWN STEP	const failed = [tfResult, helmResult].some(r => r === 'failure');
Deploy & Test TF+Helm (templates/enterprise-gke)	UNKNOWN STEP	const runUrl = `${context.serverUrl}/${context.repo.owner}/${context.repo.repo}/actions/runs/${context.runId}`;
Deploy & Test TF+Helm (templates/enterprise-gke)	UNKNOWN STEP	const body = [
Deploy & Test TF+Helm (templates/enterprise-gke)	UNKNOWN STEP	  `### Deploy & Test TF+Helm: \`${template}\``,
Deploy & Test TF+Helm (templates/enterprise-gke)	UNKNOWN STEP	  `| Step | Result |`,
Deploy & Test TF+Helm (templates/enterprise-gke)	UNKNOWN STEP	  `|---|---|`,
Deploy & Test TF+Helm (templates/enterprise-gke)	UNKNOWN STEP	  `| Terraform apply + cluster verify | **${tfResult}** |`,
Deploy & Test TF+Helm (templates/enterprise-gke)	UNKNOWN STEP	  `| Helm deploy + verify | **${helmResult}** |`,
Deploy & Test TF+Helm (templates/enterprise-gke)	UNKNOWN STEP	  ...(failed ? ['', `TF+Helm test failed — see [run logs](${runUrl}) for details.`] : []),
Deploy & Test TF+Helm (templates/enterprise-gke)	UNKNOWN STEP	].join('\n');
Deploy & Test TF+Helm (templates/enterprise-gke)	UNKNOWN STEP	github.rest.issues.createComment({
Deploy & Test TF+Helm (templates/enterprise-gke)	UNKNOWN STEP	  issue_number: context.issue.number,
Deploy & Test TF+Helm (templates/enterprise-gke)	UNKNOWN STEP	  owner: context.repo.owner,
Deploy & Test TF+Helm (templates/enterprise-gke)	UNKNOWN STEP	  repo: context.repo.repo,
Deploy & Test TF+Helm (templates/enterprise-gke)	UNKNOWN STEP	  body,
Deploy & Test TF+Helm (templates/enterprise-gke)	UNKNOWN STEP	});
Deploy & Test TF+Helm (templates/enterprise-gke)	UNKNOWN STEP	
Deploy & Test TF+Helm (templates/enterprise-gke)	UNKNOWN STEP	2026-04-13T00:19:46.2063215Z   github-token: ***
Deploy & Test TF+Helm (templates/enterprise-gke)	UNKNOWN STEP	2026-04-13T00:19:46.2063423Z   debug: false
Deploy & Test TF+Helm (templates/enterprise-gke)	UNKNOWN STEP	2026-04-13T00:19:46.2063883Z   user-agent: actions/github-script
Deploy & Test TF+Helm (templates/enterprise-gke)	UNKNOWN STEP	2026-04-13T00:19:46.2064157Z   result-encoding: json
Deploy & Test TF+Helm (templates/enterprise-gke)	UNKNOWN STEP	2026-04-13T00:19:46.2064362Z   retries: 0
Deploy & Test TF+Helm (templates/enterprise-gke)	UNKNOWN STEP	2026-04-13T00:19:46.2064580Z   retry-exempt-status-codes: 400,401,403,404,422
Deploy & Test TF+Helm (templates/enterprise-gke)	UNKNOWN STEP	2026-04-13T00:19:46.2064844Z env:
Deploy & Test TF+Helm (templates/enterprise-gke)	UNKNOWN STEP	2026-04-13T00:19:46.2065025Z   PROJECT_ID: gca-gke-2025
Deploy & Test TF+Helm (templates/enterprise-gke)	UNKNOWN STEP	2026-04-13T00:19:46.2065261Z   KCC_CLUSTER: krmapihost-kcc-instance
Deploy & Test TF+Helm (templates/enterprise-gke)	UNKNOWN STEP	2026-04-13T00:19:46.2065682Z   KCC_REGION: us-central1
Deploy & Test TF+Helm (templates/enterprise-gke)	UNKNOWN STEP	2026-04-13T00:19:46.2065903Z   KCC_NAMESPACE: forge-management
Deploy & Test TF+Helm (templates/enterprise-gke)	UNKNOWN STEP	2026-04-13T00:19:46.2066379Z   WIF_PROVIDER: projects/764460891170/locations/global/workloadIdentityPools/github-actions/providers/github
Deploy & Test TF+Helm (templates/enterprise-gke)	UNKNOWN STEP	2026-04-13T00:19:46.2066963Z   WIF_SERVICE_ACCOUNT: forge-builder@gca-gke-2025.iam.gserviceaccount.com
Deploy & Test TF+Helm (templates/enterprise-gke)	UNKNOWN STEP	2026-04-13T00:19:46.2067346Z   TF_STATE_BUCKET: gke-gca-2025-forge-tf-state
Deploy & Test TF+Helm (templates/enterprise-gke)	UNKNOWN STEP	2026-04-13T00:19:46.2067619Z   USE_GKE_GCLOUD_AUTH_PLUGIN: True
Deploy & Test TF+Helm (templates/enterprise-gke)	UNKNOWN STEP	2026-04-13T00:19:46.2067858Z   TF_VAR_project_id: gca-gke-2025
Deploy & Test TF+Helm (templates/enterprise-gke)	UNKNOWN STEP	2026-04-13T00:19:46.2068191Z   TF_VAR_service_account: forge-builder@gca-gke-2025.iam.gserviceaccount.com
Deploy & Test TF+Helm (templates/enterprise-gke)	UNKNOWN STEP	2026-04-13T00:19:46.2068858Z   CLOUDSDK_AUTH_CREDENTIAL_FILE_OVERRIDE: /home/runner/work/gcp-template-forge/gcp-template-forge/gha-creds-1fcd5fbc541116c1.json
Deploy & Test TF+Helm (templates/enterprise-gke)	UNKNOWN STEP	2026-04-13T00:19:46.2069686Z   GOOGLE_APPLICATION_CREDENTIALS: /home/runner/work/gcp-template-forge/gcp-template-forge/gha-creds-1fcd5fbc541116c1.json
Deploy & Test TF+Helm (templates/enterprise-gke)	UNKNOWN STEP	2026-04-13T00:19:46.2070413Z   GOOGLE_GHA_CREDS_PATH: /home/runner/work/gcp-template-forge/gcp-template-forge/gha-creds-1fcd5fbc541116c1.json
Deploy & Test TF+Helm (templates/enterprise-gke)	UNKNOWN STEP	2026-04-13T00:19:46.2070906Z   CLOUDSDK_CORE_PROJECT: gca-gke-2025
Deploy & Test TF+Helm (templates/enterprise-gke)	UNKNOWN STEP	2026-04-13T00:19:46.2071164Z   CLOUDSDK_PROJECT: gca-gke-2025
Deploy & Test TF+Helm (templates/enterprise-gke)	UNKNOWN STEP	2026-04-13T00:19:46.2071398Z   GCLOUD_PROJECT: gca-gke-2025
Deploy & Test TF+Helm (templates/enterprise-gke)	UNKNOWN STEP	2026-04-13T00:19:46.2071623Z   GCP_PROJECT: gca-gke-2025
Deploy & Test TF+Helm (templates/enterprise-gke)	UNKNOWN STEP	2026-04-13T00:19:46.2071851Z   GOOGLE_CLOUD_PROJECT: gca-gke-2025
Deploy & Test TF+Helm (templates/enterprise-gke)	UNKNOWN STEP	2026-04-13T00:19:46.2072214Z   TERRAFORM_CLI_PATH: /home/runner/work/_temp/65545c95-ca20-450e-b88d-694226a92851
Deploy & Test TF+Helm (templates/enterprise-gke)	UNKNOWN STEP	2026-04-13T00:19:46.2072573Z   TF_START: 1776039238
Deploy & Test TF+Helm (templates/enterprise-gke)	UNKNOWN STEP	2026-04-13T00:19:46.2072903Z ##[endgroup]
Deploy & Test TF+Helm (templates/enterprise-gke)	UNKNOWN STEP	2026-04-13T00:19:47.0206788Z Post job cleanup.
Deploy & Test TF+Helm (templates/enterprise-gke)	UNKNOWN STEP	2026-04-13T00:19:47.1036862Z Removed exported credentials at "/home/runner/work/gcp-template-forge/gcp-template-forge/gha-creds-1fcd5fbc541116c1.json".
Deploy & Test TF+Helm (templates/enterprise-gke)	UNKNOWN STEP	2026-04-13T00:19:47.1140346Z Post job cleanup.
Deploy & Test TF+Helm (templates/enterprise-gke)	UNKNOWN STEP	2026-04-13T00:19:47.2096088Z [command]/usr/bin/git version
Deploy & Test TF+Helm (templates/enterprise-gke)	UNKNOWN STEP	2026-04-13T00:19:47.2136862Z git version 2.53.0
Deploy & Test TF+Helm (templates/enterprise-gke)	UNKNOWN STEP	2026-04-13T00:19:47.2189065Z Temporarily overriding HOME='/home/runner/work/_temp/32df0bbb-799a-4a76-a325-af742ac7c208' before making global git config changes
Deploy & Test TF+Helm (templates/enterprise-gke)	UNKNOWN STEP	2026-04-13T00:19:47.2190310Z Adding repository directory to the temporary git global config as a safe directory
Deploy & Test TF+Helm (templates/enterprise-gke)	UNKNOWN STEP	2026-04-13T00:19:47.2195681Z [command]/usr/bin/git config --global --add safe.directory /home/runner/work/gcp-template-forge/gcp-template-forge
Deploy & Test TF+Helm (templates/enterprise-gke)	UNKNOWN STEP	2026-04-13T00:19:47.2234385Z [command]/usr/bin/git config --local --name-only --get-regexp core\.sshCommand
Deploy & Test TF+Helm (templates/enterprise-gke)	UNKNOWN STEP	2026-04-13T00:19:47.2272136Z [command]/usr/bin/git submodule foreach --recursive sh -c "git config --local --name-only --get-regexp 'core\.sshCommand' && git config --local --unset-all 'core.sshCommand' || :"
Deploy & Test TF+Helm (templates/enterprise-gke)	UNKNOWN STEP	2026-04-13T00:19:47.2530191Z [command]/usr/bin/git config --local --name-only --get-regexp http\.https\:\/\/github\.com\/\.extraheader
Deploy & Test TF+Helm (templates/enterprise-gke)	UNKNOWN STEP	2026-04-13T00:19:47.2555256Z http.https://github.com/.extraheader
Deploy & Test TF+Helm (templates/enterprise-gke)	UNKNOWN STEP	2026-04-13T00:19:47.2568550Z [command]/usr/bin/git config --local --unset-all http.https://github.com/.extraheader
Deploy & Test TF+Helm (templates/enterprise-gke)	UNKNOWN STEP	2026-04-13T00:19:47.2608230Z [command]/usr/bin/git submodule foreach --recursive sh -c "git config --local --name-only --get-regexp 'http\.https\:\/\/github\.com\/\.extraheader' && git config --local --unset-all 'http.https://github.com/.extraheader' || :"
Deploy & Test TF+Helm (templates/enterprise-gke)	UNKNOWN STEP	2026-04-13T00:19:47.2864071Z [command]/usr/bin/git config --local --name-only --get-regexp ^includeIf\.gitdir:
Deploy & Test TF+Helm (templates/enterprise-gke)	UNKNOWN STEP	2026-04-13T00:19:47.2902741Z [command]/usr/bin/git submodule foreach --recursive git config --local --show-origin --name-only --get-regexp remote.origin.url
Deploy & Test TF+Helm (templates/enterprise-gke)	UNKNOWN STEP	2026-04-13T00:19:47.3301933Z Cleaning up orphan processes
Deploy & Test TF+Helm (templates/enterprise-gke)	UNKNOWN STEP	2026-04-13T00:19:47.3589316Z ##[warning]Node.js 20 actions are deprecated. The following actions are running on Node.js 20 and may not work as expected: actions/checkout@v4, actions/github-script@v7, google-github-actions/auth@v2, hashicorp/setup-terraform@v3. Actions will be forced to run with Node.js 24 by default starting June 2nd, 2026. Node.js 20 will be removed from the runner on September 16th, 2026. Please check if updated versions of these actions are available that support Node.js 24. To opt into Node.js 24 now, set the FORCE_JAVASCRIPT_ACTIONS_TO_NODE24=true environment variable on the runner or in your workflow file. Once Node.js 24 becomes the default, you can temporarily opt out by setting ACTIONS_ALLOW_USE_UNSECURE_NODE_VERSION=true. For more information see: https://github.blog/changelog/2025-09-19-deprecation-of-node-20-on-github-actions-runners/
Deploy & Test KCC (templates/enterprise-gke)	UNKNOWN STEP	﻿2026-04-13T00:13:43.4809119Z Current runner version: '2.333.1'
Deploy & Test KCC (templates/enterprise-gke)	UNKNOWN STEP	2026-04-13T00:13:43.4846211Z ##[group]Runner Image Provisioner
Deploy & Test KCC (templates/enterprise-gke)	UNKNOWN STEP	2026-04-13T00:13:43.4847834Z Hosted Compute Agent
Deploy & Test KCC (templates/enterprise-gke)	UNKNOWN STEP	2026-04-13T00:13:43.4848755Z Version: 20260213.493
Deploy & Test KCC (templates/enterprise-gke)	UNKNOWN STEP	2026-04-13T00:13:43.4849853Z Commit: 5c115507f6dd24b8de37d8bbe0bb4509d0cc0fa3
Deploy & Test KCC (templates/enterprise-gke)	UNKNOWN STEP	2026-04-13T00:13:43.4851176Z Build Date: 2026-02-13T00:28:41Z
Deploy & Test KCC (templates/enterprise-gke)	UNKNOWN STEP	2026-04-13T00:13:43.4852254Z Worker ID: {95f0db9d-df31-4028-aa79-cbf4a4c926e8}
Deploy & Test KCC (templates/enterprise-gke)	UNKNOWN STEP	2026-04-13T00:13:43.4853309Z Azure Region: eastus2
Deploy & Test KCC (templates/enterprise-gke)	UNKNOWN STEP	2026-04-13T00:13:43.4854211Z ##[endgroup]
Deploy & Test KCC (templates/enterprise-gke)	UNKNOWN STEP	2026-04-13T00:13:43.4856947Z ##[group]Operating System
Deploy & Test KCC (templates/enterprise-gke)	UNKNOWN STEP	2026-04-13T00:13:43.4857952Z Ubuntu
Deploy & Test KCC (templates/enterprise-gke)	UNKNOWN STEP	2026-04-13T00:13:43.4858925Z 24.04.4
Deploy & Test KCC (templates/enterprise-gke)	UNKNOWN STEP	2026-04-13T00:13:43.4859651Z LTS
Deploy & Test KCC (templates/enterprise-gke)	UNKNOWN STEP	2026-04-13T00:13:43.4860394Z ##[endgroup]
Deploy & Test KCC (templates/enterprise-gke)	UNKNOWN STEP	2026-04-13T00:13:43.4861178Z ##[group]Runner Image
Deploy & Test KCC (templates/enterprise-gke)	UNKNOWN STEP	2026-04-13T00:13:43.4862169Z Image: ubuntu-24.04
Deploy & Test KCC (templates/enterprise-gke)	UNKNOWN STEP	2026-04-13T00:13:43.4862985Z Version: 20260406.80.1
Deploy & Test KCC (templates/enterprise-gke)	UNKNOWN STEP	2026-04-13T00:13:43.4865103Z Included Software: https://github.com/actions/runner-images/blob/ubuntu24/20260406.80/images/ubuntu/Ubuntu2404-Readme.md
Deploy & Test KCC (templates/enterprise-gke)	UNKNOWN STEP	2026-04-13T00:13:43.4868027Z Image Release: https://github.com/actions/runner-images/releases/tag/ubuntu24%2F20260406.80
Deploy & Test KCC (templates/enterprise-gke)	UNKNOWN STEP	2026-04-13T00:13:43.4869814Z ##[endgroup]
Deploy & Test KCC (templates/enterprise-gke)	UNKNOWN STEP	2026-04-13T00:13:43.4871781Z ##[group]GITHUB_TOKEN Permissions
Deploy & Test KCC (templates/enterprise-gke)	UNKNOWN STEP	2026-04-13T00:13:43.4874734Z Contents: write
Deploy & Test KCC (templates/enterprise-gke)	UNKNOWN STEP	2026-04-13T00:13:43.4875613Z Metadata: read
Deploy & Test KCC (templates/enterprise-gke)	UNKNOWN STEP	2026-04-13T00:13:43.4876807Z PullRequests: write
Deploy & Test KCC (templates/enterprise-gke)	UNKNOWN STEP	2026-04-13T00:13:43.4877668Z ##[endgroup]
Deploy & Test KCC (templates/enterprise-gke)	UNKNOWN STEP	2026-04-13T00:13:43.4880635Z Secret source: Actions
Deploy & Test KCC (templates/enterprise-gke)	UNKNOWN STEP	2026-04-13T00:13:43.4882213Z Prepare workflow directory
Deploy & Test KCC (templates/enterprise-gke)	UNKNOWN STEP	2026-04-13T00:13:43.5444605Z Prepare all required actions
Deploy & Test KCC (templates/enterprise-gke)	UNKNOWN STEP	2026-04-13T00:13:43.5500451Z Getting action download info
Deploy & Test KCC (templates/enterprise-gke)	UNKNOWN STEP	2026-04-13T00:13:43.8944405Z Download action repository 'actions/checkout@v4' (SHA:34e114876b0b11c390a56381ad16ebd13914f8d5)
Deploy & Test KCC (templates/enterprise-gke)	UNKNOWN STEP	2026-04-13T00:13:44.0233282Z Download action repository 'google-github-actions/auth@v2' (SHA:c200f3691d83b41bf9bbd8638997a462592937ed)
Deploy & Test KCC (templates/enterprise-gke)	UNKNOWN STEP	2026-04-13T00:13:44.3141470Z Download action repository 'google-github-actions/get-gke-credentials@v2' (SHA:64bc7249bbcf78056bb92f14d3cedc2da193946c)
Deploy & Test KCC (templates/enterprise-gke)	UNKNOWN STEP	2026-04-13T00:13:44.5531243Z Download action repository 'actions/github-script@v7' (SHA:f28e40c7f34bde8b3046d885e986cb6290c5673b)
Deploy & Test KCC (templates/enterprise-gke)	UNKNOWN STEP	2026-04-13T00:13:44.9203992Z Complete job name: Deploy & Test KCC (templates/enterprise-gke)
Deploy & Test KCC (templates/enterprise-gke)	UNKNOWN STEP	2026-04-13T00:13:45.0077317Z ##[group]Run actions/checkout@v4
Deploy & Test KCC (templates/enterprise-gke)	UNKNOWN STEP	2026-04-13T00:13:45.0078700Z with:
Deploy & Test KCC (templates/enterprise-gke)	UNKNOWN STEP	2026-04-13T00:13:45.0079489Z   repository: fkc1e100/gcp-template-forge
Deploy & Test KCC (templates/enterprise-gke)	UNKNOWN STEP	2026-04-13T00:13:45.0080813Z   token: ***
Deploy & Test KCC (templates/enterprise-gke)	UNKNOWN STEP	2026-04-13T00:13:45.0081531Z   ssh-strict: true
Deploy & Test KCC (templates/enterprise-gke)	UNKNOWN STEP	2026-04-13T00:13:45.0082282Z   ssh-user: git
Deploy & Test KCC (templates/enterprise-gke)	UNKNOWN STEP	2026-04-13T00:13:45.0083034Z   persist-credentials: true
Deploy & Test KCC (templates/enterprise-gke)	UNKNOWN STEP	2026-04-13T00:13:45.0083908Z   clean: true
Deploy & Test KCC (templates/enterprise-gke)	UNKNOWN STEP	2026-04-13T00:13:45.0084679Z   sparse-checkout-cone-mode: true
Deploy & Test KCC (templates/enterprise-gke)	UNKNOWN STEP	2026-04-13T00:13:45.0085634Z   fetch-depth: 1
Deploy & Test KCC (templates/enterprise-gke)	UNKNOWN STEP	2026-04-13T00:13:45.0086605Z   fetch-tags: false
Deploy & Test KCC (templates/enterprise-gke)	UNKNOWN STEP	2026-04-13T00:13:45.0087384Z   show-progress: true
Deploy & Test KCC (templates/enterprise-gke)	UNKNOWN STEP	2026-04-13T00:13:45.0088158Z   lfs: false
Deploy & Test KCC (templates/enterprise-gke)	UNKNOWN STEP	2026-04-13T00:13:45.0088848Z   submodules: false
Deploy & Test KCC (templates/enterprise-gke)	UNKNOWN STEP	2026-04-13T00:13:45.0089619Z   set-safe-directory: true
Deploy & Test KCC (templates/enterprise-gke)	UNKNOWN STEP	2026-04-13T00:13:45.0090715Z env:
Deploy & Test KCC (templates/enterprise-gke)	UNKNOWN STEP	2026-04-13T00:13:45.0091455Z   PROJECT_ID: gca-gke-2025
Deploy & Test KCC (templates/enterprise-gke)	UNKNOWN STEP	2026-04-13T00:13:45.0092350Z   KCC_CLUSTER: krmapihost-kcc-instance
Deploy & Test KCC (templates/enterprise-gke)	UNKNOWN STEP	2026-04-13T00:13:45.0093350Z   KCC_REGION: us-central1
Deploy & Test KCC (templates/enterprise-gke)	UNKNOWN STEP	2026-04-13T00:13:45.0094267Z   KCC_NAMESPACE: forge-management
Deploy & Test KCC (templates/enterprise-gke)	UNKNOWN STEP	2026-04-13T00:13:45.0096058Z   WIF_PROVIDER: projects/764460891170/locations/global/workloadIdentityPools/github-actions/providers/github
Deploy & Test KCC (templates/enterprise-gke)	UNKNOWN STEP	2026-04-13T00:13:45.0098500Z   WIF_SERVICE_ACCOUNT: forge-builder@gca-gke-2025.iam.gserviceaccount.com
Deploy & Test KCC (templates/enterprise-gke)	UNKNOWN STEP	2026-04-13T00:13:45.0099967Z   TF_STATE_BUCKET: gke-gca-2025-forge-tf-state
Deploy & Test KCC (templates/enterprise-gke)	UNKNOWN STEP	2026-04-13T00:13:45.0101037Z   USE_GKE_GCLOUD_AUTH_PLUGIN: True
Deploy & Test KCC (templates/enterprise-gke)	UNKNOWN STEP	2026-04-13T00:13:45.0102008Z   TF_VAR_project_id: gca-gke-2025
Deploy & Test KCC (templates/enterprise-gke)	UNKNOWN STEP	2026-04-13T00:13:45.0103348Z   TF_VAR_service_account: forge-builder@gca-gke-2025.iam.gserviceaccount.com
Deploy & Test KCC (templates/enterprise-gke)	UNKNOWN STEP	2026-04-13T00:13:45.0104786Z ##[endgroup]
Deploy & Test KCC (templates/enterprise-gke)	UNKNOWN STEP	2026-04-13T00:13:45.1305830Z Syncing repository: fkc1e100/gcp-template-forge
Deploy & Test KCC (templates/enterprise-gke)	UNKNOWN STEP	2026-04-13T00:13:45.1309058Z ##[group]Getting Git version info
Deploy & Test KCC (templates/enterprise-gke)	UNKNOWN STEP	2026-04-13T00:13:45.1311188Z Working directory is '/home/runner/work/gcp-template-forge/gcp-template-forge'
Deploy & Test KCC (templates/enterprise-gke)	UNKNOWN STEP	2026-04-13T00:13:45.1315137Z [command]/usr/bin/git version
Deploy & Test KCC (templates/enterprise-gke)	UNKNOWN STEP	2026-04-13T00:13:45.1340363Z git version 2.53.0
Deploy & Test KCC (templates/enterprise-gke)	UNKNOWN STEP	2026-04-13T00:13:45.1368945Z ##[endgroup]
Deploy & Test KCC (templates/enterprise-gke)	UNKNOWN STEP	2026-04-13T00:13:45.1386167Z Temporarily overriding HOME='/home/runner/work/_temp/f83bb062-698f-433f-b0d2-6b4bc951966f' before making global git config changes
Deploy & Test KCC (templates/enterprise-gke)	UNKNOWN STEP	2026-04-13T00:13:45.1391019Z Adding repository directory to the temporary git global config as a safe directory
Deploy & Test KCC (templates/enterprise-gke)	UNKNOWN STEP	2026-04-13T00:13:45.1395197Z [command]/usr/bin/git config --global --add safe.directory /home/runner/work/gcp-template-forge/gcp-template-forge
Deploy & Test KCC (templates/enterprise-gke)	UNKNOWN STEP	2026-04-13T00:13:45.1430307Z Deleting the contents of '/home/runner/work/gcp-template-forge/gcp-template-forge'
Deploy & Test KCC (templates/enterprise-gke)	UNKNOWN STEP	2026-04-13T00:13:45.1434151Z ##[group]Initializing the repository
Deploy & Test KCC (templates/enterprise-gke)	UNKNOWN STEP	2026-04-13T00:13:45.1439844Z [command]/usr/bin/git init /home/runner/work/gcp-template-forge/gcp-template-forge
Deploy & Test KCC (templates/enterprise-gke)	UNKNOWN STEP	2026-04-13T00:13:45.1554121Z hint: Using 'master' as the name for the initial branch. This default branch name
Deploy & Test KCC (templates/enterprise-gke)	UNKNOWN STEP	2026-04-13T00:13:45.1557778Z hint: will change to "main" in Git 3.0. To configure the initial branch name
Deploy & Test KCC (templates/enterprise-gke)	UNKNOWN STEP	2026-04-13T00:13:45.1560905Z hint: to use in all of your new repositories, which will suppress this warning,
Deploy & Test KCC (templates/enterprise-gke)	UNKNOWN STEP	2026-04-13T00:13:45.1563409Z hint: call:
Deploy & Test KCC (templates/enterprise-gke)	UNKNOWN STEP	2026-04-13T00:13:45.1564646Z hint:
Deploy & Test KCC (templates/enterprise-gke)	UNKNOWN STEP	2026-04-13T00:13:45.1566122Z hint: 	git config --global init.defaultBranch <name>
Deploy & Test KCC (templates/enterprise-gke)	UNKNOWN STEP	2026-04-13T00:13:45.1568394Z hint:
Deploy & Test KCC (templates/enterprise-gke)	UNKNOWN STEP	2026-04-13T00:13:45.1570203Z hint: Names commonly chosen instead of 'master' are 'main', 'trunk' and
Deploy & Test KCC (templates/enterprise-gke)	UNKNOWN STEP	2026-04-13T00:13:45.1573135Z hint: 'development'. The just-created branch can be renamed via this command:
Deploy & Test KCC (templates/enterprise-gke)	UNKNOWN STEP	2026-04-13T00:13:45.1575399Z hint:
Deploy & Test KCC (templates/enterprise-gke)	UNKNOWN STEP	2026-04-13T00:13:45.1577086Z hint: 	git branch -m <name>
Deploy & Test KCC (templates/enterprise-gke)	UNKNOWN STEP	2026-04-13T00:13:45.1577970Z hint:
Deploy & Test KCC (templates/enterprise-gke)	UNKNOWN STEP	2026-04-13T00:13:45.1579109Z hint: Disable this message with "git config set advice.defaultBranchName false"
Deploy & Test KCC (templates/enterprise-gke)	UNKNOWN STEP	2026-04-13T00:13:45.1581241Z Initialized empty Git repository in /home/runner/work/gcp-template-forge/gcp-template-forge/.git/
Deploy & Test KCC (templates/enterprise-gke)	UNKNOWN STEP	2026-04-13T00:13:45.1586891Z [command]/usr/bin/git remote add origin https://github.com/fkc1e100/gcp-template-forge
Deploy & Test KCC (templates/enterprise-gke)	UNKNOWN STEP	2026-04-13T00:13:45.1606089Z ##[endgroup]
Deploy & Test KCC (templates/enterprise-gke)	UNKNOWN STEP	2026-04-13T00:13:45.1608685Z ##[group]Disabling automatic garbage collection
Deploy & Test KCC (templates/enterprise-gke)	UNKNOWN STEP	2026-04-13T00:13:45.1611262Z [command]/usr/bin/git config --local gc.auto 0
Deploy & Test KCC (templates/enterprise-gke)	UNKNOWN STEP	2026-04-13T00:13:45.1642175Z ##[endgroup]
Deploy & Test KCC (templates/enterprise-gke)	UNKNOWN STEP	2026-04-13T00:13:45.1644363Z ##[group]Setting up auth
Deploy & Test KCC (templates/enterprise-gke)	UNKNOWN STEP	2026-04-13T00:13:45.1650660Z [command]/usr/bin/git config --local --name-only --get-regexp core\.sshCommand
Deploy & Test KCC (templates/enterprise-gke)	UNKNOWN STEP	2026-04-13T00:13:45.1684404Z [command]/usr/bin/git submodule foreach --recursive sh -c "git config --local --name-only --get-regexp 'core\.sshCommand' && git config --local --unset-all 'core.sshCommand' || :"
Deploy & Test KCC (templates/enterprise-gke)	UNKNOWN STEP	2026-04-13T00:13:45.1965839Z [command]/usr/bin/git config --local --name-only --get-regexp http\.https\:\/\/github\.com\/\.extraheader
Deploy & Test KCC (templates/enterprise-gke)	UNKNOWN STEP	2026-04-13T00:13:45.1999605Z [command]/usr/bin/git submodule foreach --recursive sh -c "git config --local --name-only --get-regexp 'http\.https\:\/\/github\.com\/\.extraheader' && git config --local --unset-all 'http.https://github.com/.extraheader' || :"
Deploy & Test KCC (templates/enterprise-gke)	UNKNOWN STEP	2026-04-13T00:13:45.2237331Z [command]/usr/bin/git config --local --name-only --get-regexp ^includeIf\.gitdir:
Deploy & Test KCC (templates/enterprise-gke)	UNKNOWN STEP	2026-04-13T00:13:45.2275195Z [command]/usr/bin/git submodule foreach --recursive git config --local --show-origin --name-only --get-regexp remote.origin.url
Deploy & Test KCC (templates/enterprise-gke)	UNKNOWN STEP	2026-04-13T00:13:45.2509552Z [command]/usr/bin/git config --local http.https://github.com/.extraheader AUTHORIZATION: basic ***
Deploy & Test KCC (templates/enterprise-gke)	UNKNOWN STEP	2026-04-13T00:13:45.2546106Z ##[endgroup]
Deploy & Test KCC (templates/enterprise-gke)	UNKNOWN STEP	2026-04-13T00:13:45.2548929Z ##[group]Fetching the repository
Deploy & Test KCC (templates/enterprise-gke)	UNKNOWN STEP	2026-04-13T00:13:45.2558961Z [command]/usr/bin/git -c protocol.version=2 fetch --no-tags --prune --no-recurse-submodules --depth=1 origin +8531a8458b81f4b92629efe2a83e7acb514bb65b:refs/remotes/pull/19/merge
Deploy & Test KCC (templates/enterprise-gke)	UNKNOWN STEP	2026-04-13T00:13:45.4428672Z From https://github.com/fkc1e100/gcp-template-forge
Deploy & Test KCC (templates/enterprise-gke)	UNKNOWN STEP	2026-04-13T00:13:45.4431383Z  * [new ref]         8531a8458b81f4b92629efe2a83e7acb514bb65b -> pull/19/merge
Deploy & Test KCC (templates/enterprise-gke)	UNKNOWN STEP	2026-04-13T00:13:45.4459149Z ##[endgroup]
Deploy & Test KCC (templates/enterprise-gke)	UNKNOWN STEP	2026-04-13T00:13:45.4461270Z ##[group]Determining the checkout info
Deploy & Test KCC (templates/enterprise-gke)	UNKNOWN STEP	2026-04-13T00:13:45.4464051Z ##[endgroup]
Deploy & Test KCC (templates/enterprise-gke)	UNKNOWN STEP	2026-04-13T00:13:45.4467452Z [command]/usr/bin/git sparse-checkout disable
Deploy & Test KCC (templates/enterprise-gke)	UNKNOWN STEP	2026-04-13T00:13:45.4507652Z [command]/usr/bin/git config --local --unset-all extensions.worktreeConfig
Deploy & Test KCC (templates/enterprise-gke)	UNKNOWN STEP	2026-04-13T00:13:45.4538624Z ##[group]Checking out the ref
Deploy & Test KCC (templates/enterprise-gke)	UNKNOWN STEP	2026-04-13T00:13:45.4541754Z [command]/usr/bin/git checkout --progress --force refs/remotes/pull/19/merge
Deploy & Test KCC (templates/enterprise-gke)	UNKNOWN STEP	2026-04-13T00:13:45.4625486Z Note: switching to 'refs/remotes/pull/19/merge'.
Deploy & Test KCC (templates/enterprise-gke)	UNKNOWN STEP	2026-04-13T00:13:45.4626694Z 
Deploy & Test KCC (templates/enterprise-gke)	UNKNOWN STEP	2026-04-13T00:13:45.4627426Z You are in 'detached HEAD' state. You can look around, make experimental
Deploy & Test KCC (templates/enterprise-gke)	UNKNOWN STEP	2026-04-13T00:13:45.4629199Z changes and commit them, and you can discard any commits you make in this
Deploy & Test KCC (templates/enterprise-gke)	UNKNOWN STEP	2026-04-13T00:13:45.4630924Z state without impacting any branches by switching back to a branch.
Deploy & Test KCC (templates/enterprise-gke)	UNKNOWN STEP	2026-04-13T00:13:45.4631976Z 
Deploy & Test KCC (templates/enterprise-gke)	UNKNOWN STEP	2026-04-13T00:13:45.4632785Z If you want to create a new branch to retain commits you create, you may
Deploy & Test KCC (templates/enterprise-gke)	UNKNOWN STEP	2026-04-13T00:13:45.4634419Z do so (now or later) by using -c with the switch command. Example:
Deploy & Test KCC (templates/enterprise-gke)	UNKNOWN STEP	2026-04-13T00:13:45.4635422Z 
Deploy & Test KCC (templates/enterprise-gke)	UNKNOWN STEP	2026-04-13T00:13:45.4635781Z   git switch -c <new-branch-name>
Deploy & Test KCC (templates/enterprise-gke)	UNKNOWN STEP	2026-04-13T00:13:45.4636719Z 
Deploy & Test KCC (templates/enterprise-gke)	UNKNOWN STEP	2026-04-13T00:13:45.4637133Z Or undo this operation with:
Deploy & Test KCC (templates/enterprise-gke)	UNKNOWN STEP	2026-04-13T00:13:45.4637771Z 
Deploy & Test KCC (templates/enterprise-gke)	UNKNOWN STEP	2026-04-13T00:13:45.4638078Z   git switch -
Deploy & Test KCC (templates/enterprise-gke)	UNKNOWN STEP	2026-04-13T00:13:45.4638592Z 
Deploy & Test KCC (templates/enterprise-gke)	UNKNOWN STEP	2026-04-13T00:13:45.4639323Z Turn off this advice by setting config variable advice.detachedHead to false
Deploy & Test KCC (templates/enterprise-gke)	UNKNOWN STEP	2026-04-13T00:13:45.4640448Z 
Deploy & Test KCC (templates/enterprise-gke)	UNKNOWN STEP	2026-04-13T00:13:45.4641669Z HEAD is now at 8531a84 Merge 0bede08a3f0c3870387fe5516a328e2fd13edab6 into fa51959118460304cbc98b7149f2ee64eecd861c
Deploy & Test KCC (templates/enterprise-gke)	UNKNOWN STEP	2026-04-13T00:13:45.4645923Z ##[endgroup]
Deploy & Test KCC (templates/enterprise-gke)	UNKNOWN STEP	2026-04-13T00:13:45.4674786Z [command]/usr/bin/git log -1 --format=%H
Deploy & Test KCC (templates/enterprise-gke)	UNKNOWN STEP	2026-04-13T00:13:45.4698520Z 8531a8458b81f4b92629efe2a83e7acb514bb65b
Deploy & Test KCC (templates/enterprise-gke)	UNKNOWN STEP	2026-04-13T00:13:45.5199161Z ##[group]Run google-github-actions/auth@v2
Deploy & Test KCC (templates/enterprise-gke)	UNKNOWN STEP	2026-04-13T00:13:45.5200166Z with:
Deploy & Test KCC (templates/enterprise-gke)	UNKNOWN STEP	2026-04-13T00:13:45.5201829Z   workload_identity_provider: projects/764460891170/locations/global/workloadIdentityPools/github-actions/providers/github
Deploy & Test KCC (templates/enterprise-gke)	UNKNOWN STEP	2026-04-13T00:13:45.5204127Z   service_account: forge-builder@gca-gke-2025.iam.gserviceaccount.com
Deploy & Test KCC (templates/enterprise-gke)	UNKNOWN STEP	2026-04-13T00:13:45.5205399Z   create_credentials_file: true
Deploy & Test KCC (templates/enterprise-gke)	UNKNOWN STEP	2026-04-13T00:13:45.5206559Z   export_environment_variables: true
Deploy & Test KCC (templates/enterprise-gke)	UNKNOWN STEP	2026-04-13T00:13:45.5207510Z   universe: googleapis.com
Deploy & Test KCC (templates/enterprise-gke)	UNKNOWN STEP	2026-04-13T00:13:45.5208346Z   cleanup_credentials: true
Deploy & Test KCC (templates/enterprise-gke)	UNKNOWN STEP	2026-04-13T00:13:45.5209188Z   access_token_lifetime: 3600s
Deploy & Test KCC (templates/enterprise-gke)	UNKNOWN STEP	2026-04-13T00:13:45.5210368Z   access_token_scopes: https://www.googleapis.com/auth/cloud-platform
Deploy & Test KCC (templates/enterprise-gke)	UNKNOWN STEP	2026-04-13T00:13:45.5211649Z   id_token_include_email: false
Deploy & Test KCC (templates/enterprise-gke)	UNKNOWN STEP	2026-04-13T00:13:45.5212456Z env:
Deploy & Test KCC (templates/enterprise-gke)	UNKNOWN STEP	2026-04-13T00:13:45.5213106Z   PROJECT_ID: gca-gke-2025
Deploy & Test KCC (templates/enterprise-gke)	UNKNOWN STEP	2026-04-13T00:13:45.5213962Z   KCC_CLUSTER: krmapihost-kcc-instance
Deploy & Test KCC (templates/enterprise-gke)	UNKNOWN STEP	2026-04-13T00:13:45.5214942Z   KCC_REGION: us-central1
Deploy & Test KCC (templates/enterprise-gke)	UNKNOWN STEP	2026-04-13T00:13:45.5215768Z   KCC_NAMESPACE: forge-management
Deploy & Test KCC (templates/enterprise-gke)	UNKNOWN STEP	2026-04-13T00:13:45.5217690Z   WIF_PROVIDER: projects/764460891170/locations/global/workloadIdentityPools/github-actions/providers/github
Deploy & Test KCC (templates/enterprise-gke)	UNKNOWN STEP	2026-04-13T00:13:45.5219828Z   WIF_SERVICE_ACCOUNT: forge-builder@gca-gke-2025.iam.gserviceaccount.com
Deploy & Test KCC (templates/enterprise-gke)	UNKNOWN STEP	2026-04-13T00:13:45.5221219Z   TF_STATE_BUCKET: gke-gca-2025-forge-tf-state
Deploy & Test KCC (templates/enterprise-gke)	UNKNOWN STEP	2026-04-13T00:13:45.5222215Z   USE_GKE_GCLOUD_AUTH_PLUGIN: True
Deploy & Test KCC (templates/enterprise-gke)	UNKNOWN STEP	2026-04-13T00:13:45.5223109Z   TF_VAR_project_id: gca-gke-2025
Deploy & Test KCC (templates/enterprise-gke)	UNKNOWN STEP	2026-04-13T00:13:45.5224339Z   TF_VAR_service_account: forge-builder@gca-gke-2025.iam.gserviceaccount.com
Deploy & Test KCC (templates/enterprise-gke)	UNKNOWN STEP	2026-04-13T00:13:45.5225641Z ##[endgroup]
Deploy & Test KCC (templates/enterprise-gke)	UNKNOWN STEP	2026-04-13T00:13:45.7048154Z Created credentials file at "/home/runner/work/gcp-template-forge/gcp-template-forge/gha-creds-cbd22b7cbacc2b2b.json"
Deploy & Test KCC (templates/enterprise-gke)	UNKNOWN STEP	2026-04-13T00:13:45.8101095Z ##[group]Run google-github-actions/get-gke-credentials@v2
Deploy & Test KCC (templates/enterprise-gke)	UNKNOWN STEP	2026-04-13T00:13:45.8102261Z with:
Deploy & Test KCC (templates/enterprise-gke)	UNKNOWN STEP	2026-04-13T00:13:45.8102988Z   cluster_name: krmapihost-kcc-instance
Deploy & Test KCC (templates/enterprise-gke)	UNKNOWN STEP	2026-04-13T00:13:45.8103941Z   location: us-central1
Deploy & Test KCC (templates/enterprise-gke)	UNKNOWN STEP	2026-04-13T00:13:45.8104741Z   project_id: gca-gke-2025
Deploy & Test KCC (templates/enterprise-gke)	UNKNOWN STEP	2026-04-13T00:13:45.8105581Z   use_auth_provider: false
Deploy & Test KCC (templates/enterprise-gke)	UNKNOWN STEP	2026-04-13T00:13:45.8106764Z   use_internal_ip: false
Deploy & Test KCC (templates/enterprise-gke)	UNKNOWN STEP	2026-04-13T00:13:45.8107636Z   use_connect_gateway: false
Deploy & Test KCC (templates/enterprise-gke)	UNKNOWN STEP	2026-04-13T00:13:45.8108707Z   use_dns_based_endpoint: false
Deploy & Test KCC (templates/enterprise-gke)	UNKNOWN STEP	2026-04-13T00:13:45.8109527Z env:
Deploy & Test KCC (templates/enterprise-gke)	UNKNOWN STEP	2026-04-13T00:13:45.8110197Z   PROJECT_ID: gca-gke-2025
Deploy & Test KCC (templates/enterprise-gke)	UNKNOWN STEP	2026-04-13T00:13:45.8111076Z   KCC_CLUSTER: krmapihost-kcc-instance
Deploy & Test KCC (templates/enterprise-gke)	UNKNOWN STEP	2026-04-13T00:13:45.8112031Z   KCC_REGION: us-central1
Deploy & Test KCC (templates/enterprise-gke)	UNKNOWN STEP	2026-04-13T00:13:45.8112890Z   KCC_NAMESPACE: forge-management
Deploy & Test KCC (templates/enterprise-gke)	UNKNOWN STEP	2026-04-13T00:13:45.8114612Z   WIF_PROVIDER: projects/764460891170/locations/global/workloadIdentityPools/github-actions/providers/github
Deploy & Test KCC (templates/enterprise-gke)	UNKNOWN STEP	2026-04-13T00:13:45.8116952Z   WIF_SERVICE_ACCOUNT: forge-builder@gca-gke-2025.iam.gserviceaccount.com
Deploy & Test KCC (templates/enterprise-gke)	UNKNOWN STEP	2026-04-13T00:13:45.8118354Z   TF_STATE_BUCKET: gke-gca-2025-forge-tf-state
Deploy & Test KCC (templates/enterprise-gke)	UNKNOWN STEP	2026-04-13T00:13:45.8119413Z   USE_GKE_GCLOUD_AUTH_PLUGIN: True
Deploy & Test KCC (templates/enterprise-gke)	UNKNOWN STEP	2026-04-13T00:13:45.8120345Z   TF_VAR_project_id: gca-gke-2025
Deploy & Test KCC (templates/enterprise-gke)	UNKNOWN STEP	2026-04-13T00:13:45.8121616Z   TF_VAR_service_account: forge-builder@gca-gke-2025.iam.gserviceaccount.com
Deploy & Test KCC (templates/enterprise-gke)	UNKNOWN STEP	2026-04-13T00:13:45.8123983Z   CLOUDSDK_AUTH_CREDENTIAL_FILE_OVERRIDE: /home/runner/work/gcp-template-forge/gcp-template-forge/gha-creds-cbd22b7cbacc2b2b.json
Deploy & Test KCC (templates/enterprise-gke)	UNKNOWN STEP	2026-04-13T00:13:45.8127052Z   GOOGLE_APPLICATION_CREDENTIALS: /home/runner/work/gcp-template-forge/gcp-template-forge/gha-creds-cbd22b7cbacc2b2b.json
Deploy & Test KCC (templates/enterprise-gke)	UNKNOWN STEP	2026-04-13T00:13:45.8129761Z   GOOGLE_GHA_CREDS_PATH: /home/runner/work/gcp-template-forge/gcp-template-forge/gha-creds-cbd22b7cbacc2b2b.json
Deploy & Test KCC (templates/enterprise-gke)	UNKNOWN STEP	2026-04-13T00:13:45.8131586Z   CLOUDSDK_CORE_PROJECT: gca-gke-2025
Deploy & Test KCC (templates/enterprise-gke)	UNKNOWN STEP	2026-04-13T00:13:45.8132555Z   CLOUDSDK_PROJECT: gca-gke-2025
Deploy & Test KCC (templates/enterprise-gke)	UNKNOWN STEP	2026-04-13T00:13:45.8133458Z   GCLOUD_PROJECT: gca-gke-2025
Deploy & Test KCC (templates/enterprise-gke)	UNKNOWN STEP	2026-04-13T00:13:45.8134348Z   GCP_PROJECT: gca-gke-2025
Deploy & Test KCC (templates/enterprise-gke)	UNKNOWN STEP	2026-04-13T00:13:45.8135223Z   GOOGLE_CLOUD_PROJECT: gca-gke-2025
Deploy & Test KCC (templates/enterprise-gke)	UNKNOWN STEP	2026-04-13T00:13:45.8136127Z ##[endgroup]
Deploy & Test KCC (templates/enterprise-gke)	UNKNOWN STEP	2026-04-13T00:13:46.4577931Z Successfully created and exported "KUBECONFIG" at: /home/runner/work/gcp-template-forge/gcp-template-forge/gha-kubeconfig-a9c3b4a5d8479ed9
Deploy & Test KCC (templates/enterprise-gke)	UNKNOWN STEP	2026-04-13T00:13:46.5433810Z ##[group]Run echo "KCC_START=$(date -u +%s)" >> $GITHUB_ENV
Deploy & Test KCC (templates/enterprise-gke)	UNKNOWN STEP	2026-04-13T00:13:46.5435255Z [36;1mecho "KCC_START=$(date -u +%s)" >> $GITHUB_ENV[0m
Deploy & Test KCC (templates/enterprise-gke)	UNKNOWN STEP	2026-04-13T00:13:46.5436832Z [36;1mkubectl apply -n $KCC_NAMESPACE \[0m
Deploy & Test KCC (templates/enterprise-gke)	UNKNOWN STEP	2026-04-13T00:13:46.5438051Z [36;1m  -f templates/enterprise-gke/config-connector/[0m
Deploy & Test KCC (templates/enterprise-gke)	UNKNOWN STEP	2026-04-13T00:13:46.5464851Z shell: /usr/bin/bash -e {0}
Deploy & Test KCC (templates/enterprise-gke)	UNKNOWN STEP	2026-04-13T00:13:46.5465697Z env:
Deploy & Test KCC (templates/enterprise-gke)	UNKNOWN STEP	2026-04-13T00:13:46.5466707Z   PROJECT_ID: gca-gke-2025
Deploy & Test KCC (templates/enterprise-gke)	UNKNOWN STEP	2026-04-13T00:13:46.5467625Z   KCC_CLUSTER: krmapihost-kcc-instance
Deploy & Test KCC (templates/enterprise-gke)	UNKNOWN STEP	2026-04-13T00:13:46.5468595Z   KCC_REGION: us-central1
Deploy & Test KCC (templates/enterprise-gke)	UNKNOWN STEP	2026-04-13T00:13:46.5469443Z   KCC_NAMESPACE: forge-management
Deploy & Test KCC (templates/enterprise-gke)	UNKNOWN STEP	2026-04-13T00:13:46.5471172Z   WIF_PROVIDER: projects/764460891170/locations/global/workloadIdentityPools/github-actions/providers/github
Deploy & Test KCC (templates/enterprise-gke)	UNKNOWN STEP	2026-04-13T00:13:46.5473937Z   WIF_SERVICE_ACCOUNT: forge-builder@gca-gke-2025.iam.gserviceaccount.com
Deploy & Test KCC (templates/enterprise-gke)	UNKNOWN STEP	2026-04-13T00:13:46.5475372Z   TF_STATE_BUCKET: gke-gca-2025-forge-tf-state
Deploy & Test KCC (templates/enterprise-gke)	UNKNOWN STEP	2026-04-13T00:13:46.5476633Z   USE_GKE_GCLOUD_AUTH_PLUGIN: True
Deploy & Test KCC (templates/enterprise-gke)	UNKNOWN STEP	2026-04-13T00:13:46.5477575Z   TF_VAR_project_id: gca-gke-2025
Deploy & Test KCC (templates/enterprise-gke)	UNKNOWN STEP	2026-04-13T00:13:46.5478840Z   TF_VAR_service_account: forge-builder@gca-gke-2025.iam.gserviceaccount.com
Deploy & Test KCC (templates/enterprise-gke)	UNKNOWN STEP	2026-04-13T00:13:46.5481291Z   CLOUDSDK_AUTH_CREDENTIAL_FILE_OVERRIDE: /home/runner/work/gcp-template-forge/gcp-template-forge/gha-creds-cbd22b7cbacc2b2b.json
Deploy & Test KCC (templates/enterprise-gke)	UNKNOWN STEP	2026-04-13T00:13:46.5484281Z   GOOGLE_APPLICATION_CREDENTIALS: /home/runner/work/gcp-template-forge/gcp-template-forge/gha-creds-cbd22b7cbacc2b2b.json
Deploy & Test KCC (templates/enterprise-gke)	UNKNOWN STEP	2026-04-13T00:13:46.5487167Z   GOOGLE_GHA_CREDS_PATH: /home/runner/work/gcp-template-forge/gcp-template-forge/gha-creds-cbd22b7cbacc2b2b.json
Deploy & Test KCC (templates/enterprise-gke)	UNKNOWN STEP	2026-04-13T00:13:46.5489004Z   CLOUDSDK_CORE_PROJECT: gca-gke-2025
Deploy & Test KCC (templates/enterprise-gke)	UNKNOWN STEP	2026-04-13T00:13:46.5489978Z   CLOUDSDK_PROJECT: gca-gke-2025
Deploy & Test KCC (templates/enterprise-gke)	UNKNOWN STEP	2026-04-13T00:13:46.5490890Z   GCLOUD_PROJECT: gca-gke-2025
Deploy & Test KCC (templates/enterprise-gke)	UNKNOWN STEP	2026-04-13T00:13:46.5491752Z   GCP_PROJECT: gca-gke-2025
Deploy & Test KCC (templates/enterprise-gke)	UNKNOWN STEP	2026-04-13T00:13:46.5492614Z   GOOGLE_CLOUD_PROJECT: gca-gke-2025
Deploy & Test KCC (templates/enterprise-gke)	UNKNOWN STEP	2026-04-13T00:13:46.5494279Z   KUBECONFIG: /home/runner/work/gcp-template-forge/gcp-template-forge/gha-kubeconfig-a9c3b4a5d8479ed9
Deploy & Test KCC (templates/enterprise-gke)	UNKNOWN STEP	2026-04-13T00:13:46.5496810Z   KUBE_CONFIG_PATH: /home/runner/work/gcp-template-forge/gcp-template-forge/gha-kubeconfig-a9c3b4a5d8479ed9
Deploy & Test KCC (templates/enterprise-gke)	UNKNOWN STEP	2026-04-13T00:13:46.5498801Z ##[endgroup]
Deploy & Test KCC (templates/enterprise-gke)	UNKNOWN STEP	2026-04-13T00:13:48.8354586Z containercluster.container.cnrm.cloud.google.com/enterprise-gke-kcc created
Deploy & Test KCC (templates/enterprise-gke)	UNKNOWN STEP	2026-04-13T00:13:49.0764772Z iamserviceaccount.iam.cnrm.cloud.google.com/enterprise-gke-kcc-sa created
Deploy & Test KCC (templates/enterprise-gke)	UNKNOWN STEP	2026-04-13T00:13:49.3189389Z iampolicymember.iam.cnrm.cloud.google.com/enterprise-gke-kcc-wi-binding created
Deploy & Test KCC (templates/enterprise-gke)	UNKNOWN STEP	2026-04-13T00:13:49.5514358Z computerouter.compute.cnrm.cloud.google.com/enterprise-gke-kcc-router created
Deploy & Test KCC (templates/enterprise-gke)	UNKNOWN STEP	2026-04-13T00:13:49.7715312Z computerouternat.compute.cnrm.cloud.google.com/enterprise-gke-kcc-nat created
Deploy & Test KCC (templates/enterprise-gke)	UNKNOWN STEP	2026-04-13T00:13:50.0126691Z computenetwork.compute.cnrm.cloud.google.com/enterprise-gke-kcc-vpc created
Deploy & Test KCC (templates/enterprise-gke)	UNKNOWN STEP	2026-04-13T00:13:50.2495570Z computesubnetwork.compute.cnrm.cloud.google.com/enterprise-gke-kcc-subnet created
Deploy & Test KCC (templates/enterprise-gke)	UNKNOWN STEP	2026-04-13T00:13:50.4798923Z containernodepool.container.cnrm.cloud.google.com/enterprise-gke-kcc-pool created
Deploy & Test KCC (templates/enterprise-gke)	UNKNOWN STEP	2026-04-13T00:13:50.4878428Z ##[group]Run kubectl wait \
Deploy & Test KCC (templates/enterprise-gke)	UNKNOWN STEP	2026-04-13T00:13:50.4878743Z [36;1mkubectl wait \[0m
Deploy & Test KCC (templates/enterprise-gke)	UNKNOWN STEP	2026-04-13T00:13:50.4878985Z [36;1m  -n $KCC_NAMESPACE \[0m
Deploy & Test KCC (templates/enterprise-gke)	UNKNOWN STEP	2026-04-13T00:13:50.4879235Z [36;1m  --for=condition=Ready \[0m
Deploy & Test KCC (templates/enterprise-gke)	UNKNOWN STEP	2026-04-13T00:13:50.4879480Z [36;1m  --all \[0m
Deploy & Test KCC (templates/enterprise-gke)	UNKNOWN STEP	2026-04-13T00:13:50.4879684Z [36;1m  --timeout=600s \[0m
Deploy & Test KCC (templates/enterprise-gke)	UNKNOWN STEP	2026-04-13T00:13:50.4880010Z [36;1m  -f templates/enterprise-gke/config-connector/ || true[0m
Deploy & Test KCC (templates/enterprise-gke)	UNKNOWN STEP	2026-04-13T00:13:50.4880504Z [36;1mecho "kcc_duration=$(( $(date -u +%s) - ${KCC_START} ))" >> $GITHUB_OUTPUT[0m
Deploy & Test KCC (templates/enterprise-gke)	UNKNOWN STEP	2026-04-13T00:13:50.4901649Z shell: /usr/bin/bash -e {0}
Deploy & Test KCC (templates/enterprise-gke)	UNKNOWN STEP	2026-04-13T00:13:50.4901897Z env:
Deploy & Test KCC (templates/enterprise-gke)	UNKNOWN STEP	2026-04-13T00:13:50.4902088Z   PROJECT_ID: gca-gke-2025
Deploy & Test KCC (templates/enterprise-gke)	UNKNOWN STEP	2026-04-13T00:13:50.4902338Z   KCC_CLUSTER: krmapihost-kcc-instance
Deploy & Test KCC (templates/enterprise-gke)	UNKNOWN STEP	2026-04-13T00:13:50.4902605Z   KCC_REGION: us-central1
Deploy & Test KCC (templates/enterprise-gke)	UNKNOWN STEP	2026-04-13T00:13:50.4902823Z   KCC_NAMESPACE: forge-management
Deploy & Test KCC (templates/enterprise-gke)	UNKNOWN STEP	2026-04-13T00:13:50.4903338Z   WIF_PROVIDER: projects/764460891170/locations/global/workloadIdentityPools/github-actions/providers/github
Deploy & Test KCC (templates/enterprise-gke)	UNKNOWN STEP	2026-04-13T00:13:50.4903945Z   WIF_SERVICE_ACCOUNT: forge-builder@gca-gke-2025.iam.gserviceaccount.com
Deploy & Test KCC (templates/enterprise-gke)	UNKNOWN STEP	2026-04-13T00:13:50.4904348Z   TF_STATE_BUCKET: gke-gca-2025-forge-tf-state
Deploy & Test KCC (templates/enterprise-gke)	UNKNOWN STEP	2026-04-13T00:13:50.4904632Z   USE_GKE_GCLOUD_AUTH_PLUGIN: True
Deploy & Test KCC (templates/enterprise-gke)	UNKNOWN STEP	2026-04-13T00:13:50.4904885Z   TF_VAR_project_id: gca-gke-2025
Deploy & Test KCC (templates/enterprise-gke)	UNKNOWN STEP	2026-04-13T00:13:50.4905224Z   TF_VAR_service_account: forge-builder@gca-gke-2025.iam.gserviceaccount.com
Deploy & Test KCC (templates/enterprise-gke)	UNKNOWN STEP	2026-04-13T00:13:50.4905903Z   CLOUDSDK_AUTH_CREDENTIAL_FILE_OVERRIDE: /home/runner/work/gcp-template-forge/gcp-template-forge/gha-creds-cbd22b7cbacc2b2b.json
Deploy & Test KCC (templates/enterprise-gke)	UNKNOWN STEP	2026-04-13T00:13:50.4907036Z   GOOGLE_APPLICATION_CREDENTIALS: /home/runner/work/gcp-template-forge/gcp-template-forge/gha-creds-cbd22b7cbacc2b2b.json
Deploy & Test KCC (templates/enterprise-gke)	UNKNOWN STEP	2026-04-13T00:13:50.4907835Z   GOOGLE_GHA_CREDS_PATH: /home/runner/work/gcp-template-forge/gcp-template-forge/gha-creds-cbd22b7cbacc2b2b.json
Deploy & Test KCC (templates/enterprise-gke)	UNKNOWN STEP	2026-04-13T00:13:50.4908336Z   CLOUDSDK_CORE_PROJECT: gca-gke-2025
Deploy & Test KCC (templates/enterprise-gke)	UNKNOWN STEP	2026-04-13T00:13:50.4908596Z   CLOUDSDK_PROJECT: gca-gke-2025
Deploy & Test KCC (templates/enterprise-gke)	UNKNOWN STEP	2026-04-13T00:13:50.4908845Z   GCLOUD_PROJECT: gca-gke-2025
Deploy & Test KCC (templates/enterprise-gke)	UNKNOWN STEP	2026-04-13T00:13:50.4909076Z   GCP_PROJECT: gca-gke-2025
Deploy & Test KCC (templates/enterprise-gke)	UNKNOWN STEP	2026-04-13T00:13:50.4909308Z   GOOGLE_CLOUD_PROJECT: gca-gke-2025
Deploy & Test KCC (templates/enterprise-gke)	UNKNOWN STEP	2026-04-13T00:13:50.4909759Z   KUBECONFIG: /home/runner/work/gcp-template-forge/gcp-template-forge/gha-kubeconfig-a9c3b4a5d8479ed9
Deploy & Test KCC (templates/enterprise-gke)	UNKNOWN STEP	2026-04-13T00:13:50.4910447Z   KUBE_CONFIG_PATH: /home/runner/work/gcp-template-forge/gcp-template-forge/gha-kubeconfig-a9c3b4a5d8479ed9
Deploy & Test KCC (templates/enterprise-gke)	UNKNOWN STEP	2026-04-13T00:13:50.4910924Z   KCC_START: 1776039226
Deploy & Test KCC (templates/enterprise-gke)	UNKNOWN STEP	2026-04-13T00:13:50.4911127Z ##[endgroup]
Deploy & Test KCC (templates/enterprise-gke)	UNKNOWN STEP	2026-04-13T00:23:51.9429202Z timed out waiting for the condition on containerclusters/enterprise-gke-kcc
Deploy & Test KCC (templates/enterprise-gke)	UNKNOWN STEP	2026-04-13T00:23:51.9430255Z timed out waiting for the condition on iamserviceaccounts/enterprise-gke-kcc-sa
Deploy & Test KCC (templates/enterprise-gke)	UNKNOWN STEP	2026-04-13T00:23:51.9431168Z timed out waiting for the condition on iampolicymembers/enterprise-gke-kcc-wi-binding
Deploy & Test KCC (templates/enterprise-gke)	UNKNOWN STEP	2026-04-13T00:23:51.9432068Z timed out waiting for the condition on computerouters/enterprise-gke-kcc-router
Deploy & Test KCC (templates/enterprise-gke)	UNKNOWN STEP	2026-04-13T00:23:51.9432951Z timed out waiting for the condition on computerouternats/enterprise-gke-kcc-nat
Deploy & Test KCC (templates/enterprise-gke)	UNKNOWN STEP	2026-04-13T00:23:51.9433788Z timed out waiting for the condition on computenetworks/enterprise-gke-kcc-vpc
Deploy & Test KCC (templates/enterprise-gke)	UNKNOWN STEP	2026-04-13T00:23:51.9435296Z timed out waiting for the condition on computesubnetworks/enterprise-gke-kcc-subnet
Deploy & Test KCC (templates/enterprise-gke)	UNKNOWN STEP	2026-04-13T00:23:51.9436578Z timed out waiting for the condition on containernodepools/enterprise-gke-kcc-pool
Deploy & Test KCC (templates/enterprise-gke)	UNKNOWN STEP	2026-04-13T00:23:51.9437848Z timed out waiting for the condition on customresourcedefinitions/secretproviderclasses.secrets-store.csi.x-k8s.io
Deploy & Test KCC (templates/enterprise-gke)	UNKNOWN STEP	2026-04-13T00:23:51.9439128Z timed out waiting for the condition on namespaces/enterprise-gke
Deploy & Test KCC (templates/enterprise-gke)	UNKNOWN STEP	2026-04-13T00:23:51.9441982Z [configmaps "enterprise-gke-config" not found, deployments.apps "enterprise-gke" not found, horizontalpodautoscalers.autoscaling "enterprise-gke-hpa" not found, networkpolicies.networking.k8s.io "enterprise-gke-netpol" not found, poddisruptionbudgets.policy "enterprise-gke-pdb" not found, services "enterprise-gke" not found, serviceaccounts "enterprise-gke-sa" not found]
Deploy & Test KCC (templates/enterprise-gke)	UNKNOWN STEP	2026-04-13T00:23:51.9506205Z ##[group]Run # Check if this template includes a ContainerCluster
Deploy & Test KCC (templates/enterprise-gke)	UNKNOWN STEP	2026-04-13T00:23:51.9506989Z [36;1m# Check if this template includes a ContainerCluster[0m
Deploy & Test KCC (templates/enterprise-gke)	UNKNOWN STEP	2026-04-13T00:23:51.9507533Z [36;1mCLUSTER_COUNT=$(kubectl get containerclusters.container.cnrm.cloud.google.com \[0m
Deploy & Test KCC (templates/enterprise-gke)	UNKNOWN STEP	2026-04-13T00:23:51.9508106Z [36;1m  -n $KCC_NAMESPACE --no-headers 2>/dev/null | wc -l || echo "0")[0m
Deploy & Test KCC (templates/enterprise-gke)	UNKNOWN STEP	2026-04-13T00:23:51.9508462Z [36;1m[0m
Deploy & Test KCC (templates/enterprise-gke)	UNKNOWN STEP	2026-04-13T00:23:51.9508666Z [36;1mif [ "$CLUSTER_COUNT" -eq 0 ]; then[0m
Deploy & Test KCC (templates/enterprise-gke)	UNKNOWN STEP	2026-04-13T00:23:51.9509049Z [36;1m  echo "No ContainerCluster resources — teardown can proceed"[0m
Deploy & Test KCC (templates/enterprise-gke)	UNKNOWN STEP	2026-04-13T00:23:51.9509409Z [36;1m  exit 0[0m
Deploy & Test KCC (templates/enterprise-gke)	UNKNOWN STEP	2026-04-13T00:23:51.9509591Z [36;1mfi[0m
Deploy & Test KCC (templates/enterprise-gke)	UNKNOWN STEP	2026-04-13T00:23:51.9509767Z [36;1m[0m
Deploy & Test KCC (templates/enterprise-gke)	UNKNOWN STEP	2026-04-13T00:23:51.9510112Z [36;1mSTATUS=$(kubectl get containerclusters.container.cnrm.cloud.google.com \[0m
Deploy & Test KCC (templates/enterprise-gke)	UNKNOWN STEP	2026-04-13T00:23:51.9510549Z [36;1m  -n $KCC_NAMESPACE \[0m
Deploy & Test KCC (templates/enterprise-gke)	UNKNOWN STEP	2026-04-13T00:23:51.9510965Z [36;1m  -o jsonpath='{.items[*].status.conditions[?(@.type=="Ready")].status}' \[0m
Deploy & Test KCC (templates/enterprise-gke)	UNKNOWN STEP	2026-04-13T00:23:51.9511424Z [36;1m  2>/dev/null | tr ' ' '\n' | grep -c "True" || echo "0")[0m
Deploy & Test KCC (templates/enterprise-gke)	UNKNOWN STEP	2026-04-13T00:23:51.9511733Z [36;1m[0m
Deploy & Test KCC (templates/enterprise-gke)	UNKNOWN STEP	2026-04-13T00:23:51.9511919Z [36;1mif [ "$STATUS" -gt 0 ]; then[0m
Deploy & Test KCC (templates/enterprise-gke)	UNKNOWN STEP	2026-04-13T00:23:51.9512259Z [36;1m  echo "ContainerCluster is Ready — teardown can proceed"[0m
Deploy & Test KCC (templates/enterprise-gke)	UNKNOWN STEP	2026-04-13T00:23:51.9512587Z [36;1melse[0m
Deploy & Test KCC (templates/enterprise-gke)	UNKNOWN STEP	2026-04-13T00:23:51.9513229Z [36;1m  echo "::notice::ContainerCluster not yet Ready — leaving KCC resources up for next iteration. Resources will be cleaned up on next successful run or PR close."[0m
Deploy & Test KCC (templates/enterprise-gke)	UNKNOWN STEP	2026-04-13T00:23:51.9513932Z [36;1m  exit 1[0m
Deploy & Test KCC (templates/enterprise-gke)	UNKNOWN STEP	2026-04-13T00:23:51.9514111Z [36;1mfi[0m
Deploy & Test KCC (templates/enterprise-gke)	UNKNOWN STEP	2026-04-13T00:23:51.9534430Z shell: /usr/bin/bash -e {0}
Deploy & Test KCC (templates/enterprise-gke)	UNKNOWN STEP	2026-04-13T00:23:51.9534677Z env:
Deploy & Test KCC (templates/enterprise-gke)	UNKNOWN STEP	2026-04-13T00:23:51.9534874Z   PROJECT_ID: gca-gke-2025
Deploy & Test KCC (templates/enterprise-gke)	UNKNOWN STEP	2026-04-13T00:23:51.9535138Z   KCC_CLUSTER: krmapihost-kcc-instance
Deploy & Test KCC (templates/enterprise-gke)	UNKNOWN STEP	2026-04-13T00:23:51.9535421Z   KCC_REGION: us-central1
Deploy & Test KCC (templates/enterprise-gke)	UNKNOWN STEP	2026-04-13T00:23:51.9535661Z   KCC_NAMESPACE: forge-management
Deploy & Test KCC (templates/enterprise-gke)	UNKNOWN STEP	2026-04-13T00:23:51.9536199Z   WIF_PROVIDER: projects/764460891170/locations/global/workloadIdentityPools/github-actions/providers/github
Deploy & Test KCC (templates/enterprise-gke)	UNKNOWN STEP	2026-04-13T00:23:51.9537322Z   WIF_SERVICE_ACCOUNT: forge-builder@gca-gke-2025.iam.gserviceaccount.com
Deploy & Test KCC (templates/enterprise-gke)	UNKNOWN STEP	2026-04-13T00:23:51.9537745Z   TF_STATE_BUCKET: gke-gca-2025-forge-tf-state
Deploy & Test KCC (templates/enterprise-gke)	UNKNOWN STEP	2026-04-13T00:23:51.9538046Z   USE_GKE_GCLOUD_AUTH_PLUGIN: True
Deploy & Test KCC (templates/enterprise-gke)	UNKNOWN STEP	2026-04-13T00:23:51.9538303Z   TF_VAR_project_id: gca-gke-2025
Deploy & Test KCC (templates/enterprise-gke)	UNKNOWN STEP	2026-04-13T00:23:51.9538675Z   TF_VAR_service_account: forge-builder@gca-gke-2025.iam.gserviceaccount.com
Deploy & Test KCC (templates/enterprise-gke)	UNKNOWN STEP	2026-04-13T00:23:51.9539401Z   CLOUDSDK_AUTH_CREDENTIAL_FILE_OVERRIDE: /home/runner/work/gcp-template-forge/gcp-template-forge/gha-creds-cbd22b7cbacc2b2b.json
Deploy & Test KCC (templates/enterprise-gke)	UNKNOWN STEP	2026-04-13T00:23:51.9540310Z   GOOGLE_APPLICATION_CREDENTIALS: /home/runner/work/gcp-template-forge/gcp-template-forge/gha-creds-cbd22b7cbacc2b2b.json
Deploy & Test KCC (templates/enterprise-gke)	UNKNOWN STEP	2026-04-13T00:23:51.9541154Z   GOOGLE_GHA_CREDS_PATH: /home/runner/work/gcp-template-forge/gcp-template-forge/gha-creds-cbd22b7cbacc2b2b.json
Deploy & Test KCC (templates/enterprise-gke)	UNKNOWN STEP	2026-04-13T00:23:51.9541714Z   CLOUDSDK_CORE_PROJECT: gca-gke-2025
Deploy & Test KCC (templates/enterprise-gke)	UNKNOWN STEP	2026-04-13T00:23:51.9541991Z   CLOUDSDK_PROJECT: gca-gke-2025
Deploy & Test KCC (templates/enterprise-gke)	UNKNOWN STEP	2026-04-13T00:23:51.9542402Z   GCLOUD_PROJECT: gca-gke-2025
Deploy & Test KCC (templates/enterprise-gke)	UNKNOWN STEP	2026-04-13T00:23:51.9542649Z   GCP_PROJECT: gca-gke-2025
Deploy & Test KCC (templates/enterprise-gke)	UNKNOWN STEP	2026-04-13T00:23:51.9542899Z   GOOGLE_CLOUD_PROJECT: gca-gke-2025
Deploy & Test KCC (templates/enterprise-gke)	UNKNOWN STEP	2026-04-13T00:23:51.9543398Z   KUBECONFIG: /home/runner/work/gcp-template-forge/gcp-template-forge/gha-kubeconfig-a9c3b4a5d8479ed9
Deploy & Test KCC (templates/enterprise-gke)	UNKNOWN STEP	2026-04-13T00:23:51.9544133Z   KUBE_CONFIG_PATH: /home/runner/work/gcp-template-forge/gcp-template-forge/gha-kubeconfig-a9c3b4a5d8479ed9
Deploy & Test KCC (templates/enterprise-gke)	UNKNOWN STEP	2026-04-13T00:23:51.9544638Z   KCC_START: 1776039226
Deploy & Test KCC (templates/enterprise-gke)	UNKNOWN STEP	2026-04-13T00:23:51.9544849Z ##[endgroup]
Deploy & Test KCC (templates/enterprise-gke)	UNKNOWN STEP	2026-04-13T00:23:52.6609762Z /home/runner/work/_temp/6e2a6af2-b40d-49f6-8d4a-32c27f050faf.sh: line 15: [: 0
Deploy & Test KCC (templates/enterprise-gke)	UNKNOWN STEP	2026-04-13T00:23:52.6636099Z ##[notice]ContainerCluster not yet Ready — leaving KCC resources up for next iteration. Resources will be cleaned up on next successful run or PR close.
Deploy & Test KCC (templates/enterprise-gke)	UNKNOWN STEP	2026-04-13T00:23:52.6644296Z 0: integer expression expected
Deploy & Test KCC (templates/enterprise-gke)	UNKNOWN STEP	2026-04-13T00:23:52.6647275Z ##[error]Process completed with exit code 1.
Deploy & Test KCC (templates/enterprise-gke)	UNKNOWN STEP	2026-04-13T00:23:52.6740135Z ##[group]Run actions/github-script@v7
Deploy & Test KCC (templates/enterprise-gke)	UNKNOWN STEP	2026-04-13T00:23:52.6740434Z with:
Deploy & Test KCC (templates/enterprise-gke)	UNKNOWN STEP	2026-04-13T00:23:52.6742338Z   script: const template = 'templates/enterprise-gke';
Deploy & Test KCC (templates/enterprise-gke)	UNKNOWN STEP	const kccResult = 'success';
Deploy & Test KCC (templates/enterprise-gke)	UNKNOWN STEP	const failed = kccResult === 'failure';
Deploy & Test KCC (templates/enterprise-gke)	UNKNOWN STEP	const runUrl = `${context.serverUrl}/${context.repo.owner}/${context.repo.repo}/actions/runs/${context.runId}`;
Deploy & Test KCC (templates/enterprise-gke)	UNKNOWN STEP	const body = [
Deploy & Test KCC (templates/enterprise-gke)	UNKNOWN STEP	  `### Deploy & Test KCC: \`${template}\``,
Deploy & Test KCC (templates/enterprise-gke)	UNKNOWN STEP	  `| Step | Result |`,
Deploy & Test KCC (templates/enterprise-gke)	UNKNOWN STEP	  `|---|---|`,
Deploy & Test KCC (templates/enterprise-gke)	UNKNOWN STEP	  `| KCC apply + Ready | **${kccResult}** |`,
Deploy & Test KCC (templates/enterprise-gke)	UNKNOWN STEP	  ...(failed ? ['', `KCC test failed — see [run logs](${runUrl}) for details.`] : []),
Deploy & Test KCC (templates/enterprise-gke)	UNKNOWN STEP	].join('\n');
Deploy & Test KCC (templates/enterprise-gke)	UNKNOWN STEP	github.rest.issues.createComment({
Deploy & Test KCC (templates/enterprise-gke)	UNKNOWN STEP	  issue_number: context.issue.number,
Deploy & Test KCC (templates/enterprise-gke)	UNKNOWN STEP	  owner: context.repo.owner,
Deploy & Test KCC (templates/enterprise-gke)	UNKNOWN STEP	  repo: context.repo.repo,
Deploy & Test KCC (templates/enterprise-gke)	UNKNOWN STEP	  body,
Deploy & Test KCC (templates/enterprise-gke)	UNKNOWN STEP	});
Deploy & Test KCC (templates/enterprise-gke)	UNKNOWN STEP	
Deploy & Test KCC (templates/enterprise-gke)	UNKNOWN STEP	2026-04-13T00:23:52.6744426Z   github-token: ***
Deploy & Test KCC (templates/enterprise-gke)	UNKNOWN STEP	2026-04-13T00:23:52.6744626Z   debug: false
Deploy & Test KCC (templates/enterprise-gke)	UNKNOWN STEP	2026-04-13T00:23:52.6744821Z   user-agent: actions/github-script
Deploy & Test KCC (templates/enterprise-gke)	UNKNOWN STEP	2026-04-13T00:23:52.6745072Z   result-encoding: json
Deploy & Test KCC (templates/enterprise-gke)	UNKNOWN STEP	2026-04-13T00:23:52.6745270Z   retries: 0
Deploy & Test KCC (templates/enterprise-gke)	UNKNOWN STEP	2026-04-13T00:23:52.6745504Z   retry-exempt-status-codes: 400,401,403,404,422
Deploy & Test KCC (templates/enterprise-gke)	UNKNOWN STEP	2026-04-13T00:23:52.6745776Z env:
Deploy & Test KCC (templates/enterprise-gke)	UNKNOWN STEP	2026-04-13T00:23:52.6745952Z   PROJECT_ID: gca-gke-2025
Deploy & Test KCC (templates/enterprise-gke)	UNKNOWN STEP	2026-04-13T00:23:52.6746189Z   KCC_CLUSTER: krmapihost-kcc-instance
Deploy & Test KCC (templates/enterprise-gke)	UNKNOWN STEP	2026-04-13T00:23:52.6746731Z   KCC_REGION: us-central1
Deploy & Test KCC (templates/enterprise-gke)	UNKNOWN STEP	2026-04-13T00:23:52.6746956Z   KCC_NAMESPACE: forge-management
Deploy & Test KCC (templates/enterprise-gke)	UNKNOWN STEP	2026-04-13T00:23:52.6747434Z   WIF_PROVIDER: projects/764460891170/locations/global/workloadIdentityPools/github-actions/providers/github
Deploy & Test KCC (templates/enterprise-gke)	UNKNOWN STEP	2026-04-13T00:23:52.6748031Z   WIF_SERVICE_ACCOUNT: forge-builder@gca-gke-2025.iam.gserviceaccount.com
Deploy & Test KCC (templates/enterprise-gke)	UNKNOWN STEP	2026-04-13T00:23:52.6748410Z   TF_STATE_BUCKET: gke-gca-2025-forge-tf-state
Deploy & Test KCC (templates/enterprise-gke)	UNKNOWN STEP	2026-04-13T00:23:52.6748695Z   USE_GKE_GCLOUD_AUTH_PLUGIN: True
Deploy & Test KCC (templates/enterprise-gke)	UNKNOWN STEP	2026-04-13T00:23:52.6748936Z   TF_VAR_project_id: gca-gke-2025
Deploy & Test KCC (templates/enterprise-gke)	UNKNOWN STEP	2026-04-13T00:23:52.6749270Z   TF_VAR_service_account: forge-builder@gca-gke-2025.iam.gserviceaccount.com
Deploy & Test KCC (templates/enterprise-gke)	UNKNOWN STEP	2026-04-13T00:23:52.6749955Z   CLOUDSDK_AUTH_CREDENTIAL_FILE_OVERRIDE: /home/runner/work/gcp-template-forge/gcp-template-forge/gha-creds-cbd22b7cbacc2b2b.json
Deploy & Test KCC (templates/enterprise-gke)	UNKNOWN STEP	2026-04-13T00:23:52.6750799Z   GOOGLE_APPLICATION_CREDENTIALS: /home/runner/work/gcp-template-forge/gcp-template-forge/gha-creds-cbd22b7cbacc2b2b.json
Deploy & Test KCC (templates/enterprise-gke)	UNKNOWN STEP	2026-04-13T00:23:52.6751568Z   GOOGLE_GHA_CREDS_PATH: /home/runner/work/gcp-template-forge/gcp-template-forge/gha-creds-cbd22b7cbacc2b2b.json
Deploy & Test KCC (templates/enterprise-gke)	UNKNOWN STEP	2026-04-13T00:23:52.6752062Z   CLOUDSDK_CORE_PROJECT: gca-gke-2025
Deploy & Test KCC (templates/enterprise-gke)	UNKNOWN STEP	2026-04-13T00:23:52.6752315Z   CLOUDSDK_PROJECT: gca-gke-2025
Deploy & Test KCC (templates/enterprise-gke)	UNKNOWN STEP	2026-04-13T00:23:52.6752548Z   GCLOUD_PROJECT: gca-gke-2025
Deploy & Test KCC (templates/enterprise-gke)	UNKNOWN STEP	2026-04-13T00:23:52.6752769Z   GCP_PROJECT: gca-gke-2025
Deploy & Test KCC (templates/enterprise-gke)	UNKNOWN STEP	2026-04-13T00:23:52.6752992Z   GOOGLE_CLOUD_PROJECT: gca-gke-2025
Deploy & Test KCC (templates/enterprise-gke)	UNKNOWN STEP	2026-04-13T00:23:52.6753442Z   KUBECONFIG: /home/runner/work/gcp-template-forge/gcp-template-forge/gha-kubeconfig-a9c3b4a5d8479ed9
Deploy & Test KCC (templates/enterprise-gke)	UNKNOWN STEP	2026-04-13T00:23:52.6754138Z   KUBE_CONFIG_PATH: /home/runner/work/gcp-template-forge/gcp-template-forge/gha-kubeconfig-a9c3b4a5d8479ed9
Deploy & Test KCC (templates/enterprise-gke)	UNKNOWN STEP	2026-04-13T00:23:52.6754606Z   KCC_START: 1776039226
Deploy & Test KCC (templates/enterprise-gke)	UNKNOWN STEP	2026-04-13T00:23:52.6754802Z ##[endgroup]
Deploy & Test KCC (templates/enterprise-gke)	UNKNOWN STEP	2026-04-13T00:23:53.3700243Z Post job cleanup.
Deploy & Test KCC (templates/enterprise-gke)	UNKNOWN STEP	2026-04-13T00:23:53.4506924Z Removed exported credentials at "/home/runner/work/gcp-template-forge/gcp-template-forge/gha-creds-cbd22b7cbacc2b2b.json".
Deploy & Test KCC (templates/enterprise-gke)	UNKNOWN STEP	2026-04-13T00:23:53.4607494Z Post job cleanup.
Deploy & Test KCC (templates/enterprise-gke)	UNKNOWN STEP	2026-04-13T00:23:53.5560736Z [command]/usr/bin/git version
Deploy & Test KCC (templates/enterprise-gke)	UNKNOWN STEP	2026-04-13T00:23:53.5601720Z git version 2.53.0
Deploy & Test KCC (templates/enterprise-gke)	UNKNOWN STEP	2026-04-13T00:23:53.5654373Z Temporarily overriding HOME='/home/runner/work/_temp/1addbcf1-1085-4bc6-9332-0319c2fbda90' before making global git config changes
Deploy & Test KCC (templates/enterprise-gke)	UNKNOWN STEP	2026-04-13T00:23:53.5655723Z Adding repository directory to the temporary git global config as a safe directory
Deploy & Test KCC (templates/enterprise-gke)	UNKNOWN STEP	2026-04-13T00:23:53.5661891Z [command]/usr/bin/git config --global --add safe.directory /home/runner/work/gcp-template-forge/gcp-template-forge
Deploy & Test KCC (templates/enterprise-gke)	UNKNOWN STEP	2026-04-13T00:23:53.5698453Z [command]/usr/bin/git config --local --name-only --get-regexp core\.sshCommand
Deploy & Test KCC (templates/enterprise-gke)	UNKNOWN STEP	2026-04-13T00:23:53.5732508Z [command]/usr/bin/git submodule foreach --recursive sh -c "git config --local --name-only --get-regexp 'core\.sshCommand' && git config --local --unset-all 'core.sshCommand' || :"
Deploy & Test KCC (templates/enterprise-gke)	UNKNOWN STEP	2026-04-13T00:23:53.5977684Z [command]/usr/bin/git config --local --name-only --get-regexp http\.https\:\/\/github\.com\/\.extraheader
Deploy & Test KCC (templates/enterprise-gke)	UNKNOWN STEP	2026-04-13T00:23:53.6000514Z http.https://github.com/.extraheader
Deploy & Test KCC (templates/enterprise-gke)	UNKNOWN STEP	2026-04-13T00:23:53.6014007Z [command]/usr/bin/git config --local --unset-all http.https://github.com/.extraheader
Deploy & Test KCC (templates/enterprise-gke)	UNKNOWN STEP	2026-04-13T00:23:53.6044998Z [command]/usr/bin/git submodule foreach --recursive sh -c "git config --local --name-only --get-regexp 'http\.https\:\/\/github\.com\/\.extraheader' && git config --local --unset-all 'http.https://github.com/.extraheader' || :"
Deploy & Test KCC (templates/enterprise-gke)	UNKNOWN STEP	2026-04-13T00:23:53.6268268Z [command]/usr/bin/git config --local --name-only --get-regexp ^includeIf\.gitdir:
Deploy & Test KCC (templates/enterprise-gke)	UNKNOWN STEP	2026-04-13T00:23:53.6305733Z [command]/usr/bin/git submodule foreach --recursive git config --local --show-origin --name-only --get-regexp remote.origin.url
Deploy & Test KCC (templates/enterprise-gke)	UNKNOWN STEP	2026-04-13T00:23:53.6666633Z Cleaning up orphan processes
Deploy & Test KCC (templates/enterprise-gke)	UNKNOWN STEP	2026-04-13T00:23:53.7011740Z ##[warning]Node.js 20 actions are deprecated. The following actions are running on Node.js 20 and may not work as expected: actions/checkout@v4, actions/github-script@v7, google-github-actions/auth@v2, google-github-actions/get-gke-credentials@v2. Actions will be forced to run with Node.js 24 by default starting June 2nd, 2026. Node.js 20 will be removed from the runner on September 16th, 2026. Please check if updated versions of these actions are available that support Node.js 24. To opt into Node.js 24 now, set the FORCE_JAVASCRIPT_ACTIONS_TO_NODE24=true environment variable on the runner or in your workflow file. Once Node.js 24 becomes the default, you can temporarily opt out by setting ACTIONS_ALLOW_USE_UNSECURE_NODE_VERSION=true. For more information see: https://github.blog/changelog/2025-09-19-deprecation-of-node-20-on-github-actions-runners/
